Date,ST_Rev,Mom,Mkt,SMB,HML,RMW,CMA,SMALL_HiBM_Class
2020-01-02,-0.1,0.82,0.86,-0.97,-0.33,0.24,-0.22,0
2020-01-03,0.26,0.04,-0.67,0.3,0.0,-0.13,-0.11,1
2020-01-06,-0.23,-0.69,0.36,-0.21,-0.55,-0.17,-0.26,1
2020-01-07,-0.38,0.01,-0.19,-0.03,-0.25,-0.13,-0.24,1
2020-01-08,0.31,0.92,0.47,-0.16,-0.66,-0.16,-0.18,0
2020-01-09,-0.23,0.73,0.65,-0.71,-0.48,-0.14,0.04,0
2020-01-10,-0.19,0.19,-0.34,-0.27,-0.33,0.04,-0.08,1
2020-01-13,-0.36,0.65,0.73,-0.1,-0.08,0.34,0.27,1
2020-01-14,0.25,-0.92,-0.06,0.47,-0.18,-0.34,-0.05,1
2020-01-15,-0.57,0.14,0.16,0.27,-0.81,-0.09,-0.17,1
2020-01-16,-0.08,0.15,0.88,0.52,-0.12,0.03,-0.1,1
2020-01-17,-0.34,0.86,0.28,-0.63,-0.13,0.23,0.0,0
2020-01-21,-0.89,0.81,-0.32,-0.67,-0.62,-0.11,-0.25,0
2020-01-22,-0.28,0.6,0.08,-0.24,0.01,-0.27,0.01,1
2020-01-23,0.04,0.26,0.07,-0.07,-0.14,0.28,-0.07,1
2020-01-24,-0.74,0.49,-0.97,-0.5,-0.29,0.17,-0.03,0
2020-01-27,-0.29,0.48,-1.56,0.26,-0.41,-0.53,0.02,1
2020-01-28,-0.24,0.81,1.02,-0.13,-0.42,0.16,-0.05,1
2020-01-29,-0.81,0.6,-0.11,-0.43,-0.98,0.26,0.09,0
2020-01-30,0.07,0.52,0.34,-0.65,0.69,-0.45,-0.24,1
2020-01-31,-0.2,-0.3,-1.74,-0.5,-0.35,-0.45,-0.66,0
2020-02-03,-0.45,0.25,0.84,0.36,-0.67,-0.69,-0.42,1
2020-02-04,-0.21,-0.09,1.57,-0.15,-0.66,0.34,-0.16,0
2020-02-05,2.14,-1.73,0.97,0.75,1.47,0.96,0.66,2
2020-02-06,-1.0,0.44,0.27,-0.58,-0.84,-0.02,-0.4,0
2020-02-07,-0.77,0.39,-0.55,-0.83,-0.04,-0.21,-0.58,0
2020-02-10,-0.93,0.97,0.73,-0.17,-0.89,-0.11,-0.51,0
2020-02-11,0.84,-1.06,0.28,0.34,1.05,0.24,0.33,2
2020-02-12,0.36,-0.41,0.66,0.15,-0.34,0.19,0.07,1
2020-02-13,-0.44,0.66,-0.09,0.15,0.01,-0.13,-0.39,1
2020-02-14,-0.43,0.52,0.15,-0.57,-0.66,-0.24,-0.3,0
2020-02-18,-0.53,0.26,-0.19,0.0,-0.65,-0.41,-0.68,1
2020-02-19,-0.01,-0.05,0.6,0.19,0.04,0.18,-0.24,1
2020-02-20,-0.11,-0.53,-0.35,0.63,0.68,0.16,-0.04,2
2020-02-21,0.25,-0.22,-1.12,-0.05,-0.01,-0.18,0.37,1
2020-02-24,-0.3,0.59,-3.39,0.15,0.01,-0.34,0.22,1
2020-02-25,-0.24,0.75,-3.09,-0.36,-0.68,-0.64,-0.04,0
2020-02-26,-0.65,1.17,-0.53,-0.75,-1.2,-0.48,-0.18,0
2020-02-27,0.3,-0.19,-4.22,0.72,0.05,-0.41,-0.01,2
2020-02-28,1.34,-0.41,-0.78,0.1,-0.8,0.26,-0.51,1
2020-03-02,-0.56,1.91,4.31,-1.91,-0.43,-0.53,0.43,0
2020-03-03,-0.69,0.82,-2.79,0.68,-0.63,-0.44,0.33,1
2020-03-04,-1.28,1.08,4.03,-1.22,-1.17,0.07,0.28,0
2020-03-05,-2.74,0.46,-3.38,-0.15,-1.4,-0.9,0.06,0
2020-03-06,-1.3,0.46,-1.78,-0.21,-1.49,0.69,0.35,0
2020-03-09,-7.41,3.22,-7.79,-1.33,-4.76,0.07,0.46,0
2020-03-10,3.63,0.57,4.74,-2.38,0.8,0.53,0.06,0
2020-03-11,-2.88,0.32,-5.05,-1.04,-0.8,0.02,0.09,0
2020-03-12,-3.97,0.22,-9.63,-1.06,-1.17,-0.33,-0.16,0
2020-03-13,4.06,-1.15,8.96,-2.03,3.03,1.2,0.35,1
2020-03-16,-6.04,-2.33,-12.0,-0.82,-0.73,0.47,1.38,1
2020-03-17,-7.23,1.22,5.87,0.45,-0.6,-0.59,-0.21,2
2020-03-18,-9.14,-0.85,-5.56,-4.55,-4.69,0.09,0.06,0
2020-03-19,12.28,0.31,1.31,5.72,0.82,-1.31,-1.69,2
2020-03-20,4.16,-0.74,-4.15,0.23,-0.89,-0.95,-1.13,1
2020-03-23,1.16,1.59,-2.55,1.73,-3.29,0.33,-1.07,0
2020-03-24,10.9,0.17,9.34,-0.29,2.37,0.47,0.17,1
2020-03-25,9.8,-0.26,1.18,-0.21,1.91,-0.07,0.25,2
2020-03-26,2.79,0.46,6.02,-0.51,1.09,-0.62,-0.01,1
2020-03-27,-2.9,0.96,-3.48,-1.1,-0.78,-1.11,0.77,0
2020-03-30,-5.11,1.85,3.16,-0.76,-2.09,-0.28,-0.13,0
2020-03-31,0.38,-1.08,-1.44,1.53,-0.37,0.4,-0.05,2
2020-04-01,-4.47,0.16,-4.5,-1.99,-1.39,0.21,0.22,0
2020-04-02,-1.27,-0.92,2.1,-0.97,-0.28,-0.24,0.81,0
2020-04-03,-1.29,-0.2,-1.64,-1.38,-1.18,-0.23,0.37,0
2020-04-06,6.73,-0.36,7.06,1.17,0.31,1.29,-0.8,2
2020-04-07,4.33,-1.78,-0.11,0.11,2.08,0.9,-0.34,2
2020-04-08,4.76,-2.09,3.4,0.84,1.29,0.46,-0.09,2
2020-04-09,3.66,-0.77,1.59,2.43,3.16,-0.88,-0.06,2
2020-04-13,-1.09,0.88,-0.92,-1.45,-2.41,-0.49,0.03,0
2020-04-14,-0.76,2.06,3.02,-0.72,-3.16,0.26,-0.33,0
2020-04-15,-1.52,2.32,-2.15,-1.95,-2.55,-0.4,-0.22,0
2020-04-16,-2.06,3.88,0.62,-0.8,-2.97,-0.29,-0.3,0
2020-04-17,1.7,-5.41,2.72,1.51,2.77,-0.15,-0.02,2
2020-04-20,-1.08,1.51,-1.56,0.39,-0.91,-1.75,-0.39,1
2020-04-21,0.8,-0.36,-3.08,0.93,0.16,0.27,0.41,2
2020-04-22,-0.93,0.41,2.31,-0.88,-1.64,0.1,0.04,0
2020-04-23,0.84,-2.36,0.13,1.26,0.54,0.54,-0.24,2
2020-04-24,-0.15,0.34,1.44,0.23,-0.13,-0.18,0.15,1
2020-04-27,2.99,-2.42,1.73,2.15,2.71,-0.13,0.14,2
2020-04-28,2.75,-3.31,-0.45,1.72,2.85,1.35,0.74,2
2020-04-29,-0.78,-4.75,2.92,2.31,2.0,1.23,-0.86,2
2020-04-30,0.51,0.91,-1.18,-2.05,-1.69,0.64,-0.03,0
2020-05-01,2.4,2.84,-2.91,-0.89,-0.96,-0.36,0.35,0
2020-05-04,-1.14,0.19,0.54,-0.12,-1.27,-0.76,-0.45,0
2020-05-05,-0.63,2.17,0.95,-0.29,-2.02,-0.49,-0.51,0
2020-05-06,-1.9,2.15,-0.52,0.11,-2.7,0.22,-0.57,0
2020-05-07,-0.25,-2.16,1.33,0.15,0.41,-0.12,-0.6,1
2020-05-08,1.49,-3.45,1.9,1.89,2.46,0.84,0.42,2
2020-05-11,-2.86,2.47,0.07,-0.21,-3.78,-0.84,-0.04,0
2020-05-12,-1.15,0.96,-2.06,-1.11,-1.36,-0.61,-0.03,0
2020-05-13,-0.55,3.14,-1.89,-1.42,-2.09,-0.07,-0.27,0
2020-05-14,0.73,-0.95,1.14,-1.08,0.94,0.61,0.16,0
2020-05-15,-0.94,0.66,0.57,1.34,-1.15,0.0,-0.77,2
2020-05-18,2.97,-6.11,3.24,2.65,4.61,1.67,0.32,2
2020-05-19,-0.99,1.12,-1.01,-0.75,-1.49,0.51,-0.59,0
2020-05-20,-0.22,-1.45,1.8,1.22,1.32,-0.25,-0.26,2
2020-05-21,-0.21,-1.21,-0.7,0.74,0.4,0.15,0.04,2
2020-05-22,-0.69,0.79,0.27,0.26,-0.85,-0.55,-0.34,1
2020-05-26,0.93,-4.74,1.23,1.23,4.56,1.04,0.59,2
2020-05-27,1.09,-2.52,1.54,1.42,3.62,0.77,0.36,2
2020-05-28,1.81,2.21,-0.41,-2.07,-2.43,-0.24,0.09,0
2020-05-29,-1.07,2.32,0.6,-0.79,-1.97,-0.32,-0.38,0
2020-06-01,-0.12,-2.02,0.52,0.26,0.42,-0.01,-0.14,1
2020-06-02,-0.47,-1.31,0.81,0.06,0.54,0.14,0.26,1
2020-06-03,-0.22,-4.83,1.41,0.75,2.62,0.73,0.17,2
2020-06-04,-0.94,-3.43,-0.34,0.5,2.89,0.98,0.63,2
2020-06-05,-1.55,-5.05,2.5,1.07,2.76,0.73,0.05,2
2020-06-08,-2.35,-4.97,1.39,0.67,2.08,-0.48,0.57,2
2020-06-09,3.55,4.21,-0.85,-0.78,-1.92,-0.04,-0.47,0
2020-06-10,5.13,5.93,-0.56,-1.8,-4.1,-0.33,-0.5,0
2020-06-11,4.4,5.09,-5.91,-1.46,-3.05,-0.19,-0.23,0
2020-06-12,-2.34,-3.89,1.29,0.78,1.83,0.13,0.1,2
2020-06-15,-0.31,0.71,1.1,1.45,-0.4,-0.74,-0.24,2
2020-06-16,-0.88,-0.89,1.87,0.6,0.51,0.62,0.13,2
2020-06-17,0.99,2.82,-0.4,-1.32,-1.98,-0.56,-0.24,0
2020-06-18,-0.04,-0.09,0.19,0.02,-0.53,-0.4,-0.26,1
2020-06-19,0.55,1.13,-0.45,-0.13,-0.65,-0.73,-0.19,1
2020-06-22,0.29,1.43,0.71,0.49,-1.38,-0.34,-0.52,1
2020-06-23,-0.19,0.28,0.42,0.23,-0.61,0.6,-0.1,1
2020-06-24,-0.28,2.97,-2.61,-0.7,-1.35,-0.09,0.27,0
2020-06-25,-0.19,-0.5,1.12,0.34,0.5,-0.79,0.16,2
2020-06-26,0.7,1.29,-2.44,-0.2,-1.41,0.01,0.63,0
2020-06-29,1.84,-2.64,1.51,1.48,1.84,1.48,0.36,2
2020-06-30,-0.25,1.19,1.58,0.0,0.02,-0.4,-0.31,1
2020-07-01,0.1,2.01,0.41,-1.71,-2.56,-0.4,-1.23,0
2020-07-02,0.06,0.2,0.5,0.01,-0.13,0.42,0.15,1
2020-07-06,-0.14,-0.06,1.65,-0.68,0.33,0.26,0.02,1
2020-07-07,-2.87,2.66,-1.03,-0.98,-1.48,-1.1,-0.09,0
2020-07-08,-0.7,0.72,0.91,0.07,-0.46,-0.42,-0.26,1
2020-07-09,-3.39,2.99,-0.53,-1.57,-2.61,-0.32,-0.54,0
2020-07-10,3.12,-2.77,1.11,0.68,3.05,0.85,0.19,2
2020-07-13,1.81,-1.34,-1.2,-0.29,2.04,1.07,1.11,2
2020-07-14,-0.81,0.74,1.35,0.39,-0.28,-0.02,0.51,1
2020-07-15,3.29,-3.46,1.14,2.7,1.26,0.17,0.07,2
2020-07-16,0.12,0.4,-0.37,-0.15,0.81,0.25,0.35,1
2020-07-17,-0.92,1.85,0.3,-0.16,-1.43,-1.08,0.03,0
2020-07-20,-2.08,3.0,1.01,-1.12,-2.36,-0.82,-1.21,0
2020-07-21,3.04,-3.68,0.16,1.49,3.23,0.5,0.92,2
2020-07-22,-0.56,0.56,0.49,-0.63,-0.38,0.48,0.01,0
2020-07-23,0.34,-1.8,-1.2,1.23,1.96,-0.22,0.12,2
2020-07-24,-0.18,-0.05,-0.75,-0.81,0.45,0.28,0.03,1
2020-07-27,-0.9,2.22,0.88,0.3,-2.0,-0.19,0.1,0
2020-07-28,0.95,-0.82,-0.81,-0.45,1.01,0.29,0.05,1
2020-07-29,-0.53,-0.83,1.35,0.6,0.84,0.24,0.13,2
2020-07-30,-0.69,2.45,-0.29,0.01,-1.83,-0.54,-0.13,0
2020-07-31,0.08,1.14,0.61,-1.84,-0.66,0.77,0.73,0
2020-08-03,0.12,1.77,0.98,1.09,-0.84,-0.27,0.39,1
2020-08-04,-0.22,-0.93,0.37,0.44,0.02,0.11,0.11,2
2020-08-05,-0.36,-1.28,0.78,1.25,0.82,0.19,-0.09,2
2020-08-06,-0.07,0.41,0.53,-0.65,-0.75,0.64,-0.05,0
2020-08-07,0.25,-2.08,0.02,1.59,2.41,0.52,0.15,2
2020-08-10,-0.48,-2.79,0.24,1.32,1.75,0.85,1.25,2
2020-08-11,0.89,-2.19,-0.83,0.18,1.63,0.91,0.03,2
2020-08-12,0.44,1.86,1.4,-0.82,-1.37,0.91,-0.12,0
2020-08-13,-0.16,1.56,-0.01,-0.14,-1.33,-0.64,-0.5,0
2020-08-14,-0.05,-1.2,-0.04,0.04,1.09,0.44,0.19,2
2020-08-17,0.74,2.33,0.45,0.04,-1.92,-0.8,-0.48,0
2020-08-18,0.6,1.71,0.22,-1.33,-1.39,0.02,-0.53,0
2020-08-19,-0.57,0.05,-0.38,0.48,0.11,-0.03,-0.12,2
2020-08-20,-0.3,1.41,0.31,-0.96,-1.55,0.1,-0.45,0
2020-08-21,-0.94,0.81,0.25,-1.25,-0.42,0.61,0.71,0
2020-08-24,0.35,-3.31,0.92,0.2,2.6,1.13,0.58,2
2020-08-25,0.04,1.06,0.36,-0.01,-0.64,-0.46,-0.7,1
2020-08-26,-1.04,2.25,1.0,-1.72,-1.76,-0.13,-0.84,0
2020-08-27,0.26,-2.15,0.18,-0.01,0.94,0.57,-0.52,1
2020-08-28,-0.41,-0.91,0.7,0.39,-0.23,0.13,-0.07,1
2020-08-31,0.04,1.79,-0.04,-0.93,-1.75,-0.7,-0.12,0
2020-09-01,-1.49,1.29,0.92,0.19,-0.31,0.62,0.15,1
2020-09-02,0.85,-0.28,1.27,-0.26,-0.44,0.77,-0.42,0
2020-09-03,1.33,-3.56,-3.7,0.43,2.61,-0.09,-0.15,2
2020-09-04,-0.76,-2.28,-0.87,0.34,2.06,0.79,0.87,2
2020-09-08,0.51,-0.11,-2.91,0.91,-0.29,-0.72,-0.63,1
2020-09-09,-0.79,3.03,2.07,-0.61,-1.99,-0.17,-0.2,0
2020-09-10,-0.52,0.36,-1.64,0.37,-0.05,-0.37,-0.36,1
2020-09-11,0.37,-0.44,-0.06,-0.62,0.9,0.23,0.48,1
2020-09-14,-0.5,-0.08,1.59,1.0,-0.77,-0.8,-0.06,2
2020-09-15,-1.08,1.14,0.57,-0.64,-1.42,0.14,-0.36,0
2020-09-16,0.99,-2.5,-0.39,1.23,1.32,-0.93,0.26,2
2020-09-17,0.0,-0.49,-0.85,0.46,0.2,0.07,0.63,1
2020-09-18,-0.29,0.95,-0.88,0.79,-0.21,-1.12,-0.46,2
2020-09-21,2.2,2.96,-1.08,-2.68,-1.9,-0.48,-0.27,0
2020-09-22,1.17,1.91,1.02,-0.46,-1.65,0.58,-0.48,0
2020-09-23,-0.25,0.28,-2.48,-0.66,0.18,0.21,-0.19,0
2020-09-24,1.13,-0.03,0.25,-0.19,0.38,0.51,0.11,1
2020-09-25,0.15,0.74,1.72,-0.16,-1.36,-0.5,-0.63,0
2020-09-28,1.0,-0.78,1.66,0.88,1.03,0.4,0.19,2
2020-09-29,-0.5,1.64,-0.42,0.38,-1.32,-0.77,-0.59,1
2020-09-30,0.04,0.17,0.79,-0.68,0.15,0.33,0.11,0
2020-10-01,0.44,1.13,0.79,0.79,-0.55,-0.01,-0.59,2
2020-10-02,-0.02,-2.7,-0.96,1.67,2.46,0.59,0.32,2
2020-10-05,-0.09,0.63,1.93,0.89,-0.12,-0.49,0.15,2
2020-10-06,-0.53,-0.1,-1.28,0.84,0.26,-0.51,-0.04,2
2020-10-07,-0.69,0.12,1.84,0.49,0.23,-0.28,0.12,2
2020-10-08,0.57,-1.9,0.8,0.29,0.99,0.23,0.24,2
2020-10-09,-0.03,2.0,0.92,-0.32,-1.4,-0.16,-0.32,0
2020-10-12,0.19,0.35,1.53,-1.03,-0.06,0.81,0.31,0
2020-10-13,-0.6,2.33,-0.41,-0.19,-1.72,-0.84,-0.98,0
2020-10-14,0.52,-0.37,-0.65,0.0,0.03,0.34,0.67,1
2020-10-15,0.13,-0.97,-0.08,1.18,1.14,0.15,0.2,2
2020-10-16,0.41,0.06,-0.06,-0.12,0.08,-0.04,-0.14,1
2020-10-19,-0.47,-0.34,-1.53,0.37,0.29,-0.34,-0.24,2
2020-10-20,-0.15,-1.17,0.34,-0.08,1.24,0.54,0.18,2
2020-10-21,-0.12,-0.47,-0.36,-0.48,0.4,0.51,0.01,1
2020-10-22,0.04,-2.77,0.67,0.93,1.03,-0.59,-0.1,2
2020-10-23,-0.07,0.1,0.38,0.36,0.03,-0.13,-0.34,1
2020-10-26,0.74,1.07,-1.85,-0.5,-0.37,-0.14,-0.04,0
2020-10-27,0.12,2.74,-0.23,-0.66,-2.29,-0.36,-0.78,0
2020-10-28,-0.05,0.19,-3.41,0.17,0.59,-0.45,-0.02,1
2020-10-29,-0.26,-1.14,1.13,0.15,0.25,0.29,0.61,2
2020-10-30,0.18,-2.33,-1.45,-0.23,1.85,0.24,-0.07,2
2020-11-02,0.16,-1.39,1.17,0.87,0.99,0.41,0.4,2
2020-11-03,0.26,0.2,1.93,1.01,-0.18,-0.2,0.0,2
2020-11-04,2.31,4.89,2.25,-2.59,-4.97,-0.64,-1.8,0
2020-11-05,0.46,-0.15,2.13,1.03,0.51,0.35,0.58,2
2020-11-06,-0.36,1.05,0.01,-1.13,-0.91,-0.24,-0.12,0
2020-11-09,3.13,-14.34,0.87,2.82,6.73,0.75,0.81,2
2020-11-10,0.08,-1.88,-0.17,2.07,2.22,0.32,1.24,2
2020-11-11,3.12,3.32,0.88,-1.12,-1.69,-0.59,-0.24,0
2020-11-12,1.1,1.86,-0.94,-0.6,-1.14,-0.63,-0.28,0
2020-11-13,-0.94,-2.14,1.31,0.97,1.08,0.54,0.5,2
2020-11-16,-1.78,-3.3,1.22,1.26,1.96,0.69,0.9,2
2020-11-17,-0.01,-0.25,-0.19,0.58,0.01,-0.38,-0.46,1
2020-11-18,0.21,0.26,-0.93,-0.03,-0.04,0.04,-0.37,1
2020-11-19,-0.08,0.36,0.59,0.27,-0.8,-0.66,-0.2,1
2020-11-20,0.05,0.69,-0.51,0.6,-0.59,-0.76,-0.09,1
2020-11-23,-2.39,-2.69,0.83,1.4,1.53,0.35,0.06,2
2020-11-24,-1.75,-3.85,1.56,0.54,2.76,0.5,0.53,2
2020-11-25,0.96,1.55,0.03,-0.27,-1.34,-0.39,-0.54,0
2020-11-27,0.72,1.79,0.43,0.15,-1.62,-0.77,-0.3,0
2020-11-30,1.63,3.04,-0.53,-1.54,-2.05,-0.5,0.49,0
2020-12-01,0.4,-0.81,0.98,-0.1,0.55,1.06,0.49,1
2020-12-02,-0.89,-2.2,0.11,0.21,1.07,0.37,0.6,2
2020-12-03,-1.02,-0.55,0.18,0.54,-0.06,-0.25,0.15,1
2020-12-04,-1.96,-1.81,1.02,1.56,0.88,-0.3,0.55,2
2020-12-07,0.15,1.52,0.03,-0.06,-1.03,-0.58,-0.48,0
2020-12-08,-0.55,0.11,0.47,0.87,-0.67,-0.7,-0.02,1
2020-12-09,1.13,-1.36,-1.03,0.31,1.28,0.86,0.27,2
2020-12-10,-1.94,-0.17,0.24,0.92,-0.46,-1.51,-0.28,2
2020-12-11,0.77,0.64,-0.2,-0.59,-0.7,-0.56,-0.57,0
2020-12-14,0.62,1.02,-0.28,0.21,-1.51,-0.4,-0.82,0
2020-12-15,-0.02,-0.33,1.28,1.15,0.34,0.42,0.57,2
2020-12-16,0.03,0.61,0.17,-0.59,-0.36,0.05,-0.21,0
2020-12-17,-0.53,1.21,0.79,0.52,-0.73,-0.6,-0.19,1
2020-12-18,-0.56,1.09,-0.12,-0.2,-1.15,-0.38,-0.78,0
2020-12-21,-0.17,1.15,-0.23,0.2,-0.01,-0.99,0.27,1
2020-12-22,-1.14,1.86,0.06,0.83,-1.59,-0.83,-0.08,1
2020-12-23,0.76,-2.21,0.1,0.9,1.98,0.24,0.47,2
2020-12-24,0.43,0.2,0.21,-0.43,-0.2,0.24,-0.06,1
2020-12-28,0.46,-0.48,0.46,-0.68,0.37,1.38,0.46,1
2020-12-29,0.91,-0.41,-0.4,-1.42,0.24,0.79,-0.3,0
2020-12-30,-0.37,-0.26,0.27,1.06,0.04,-0.66,-0.05,2
2020-12-31,0.18,-0.59,0.39,-0.71,0.4,0.56,-0.22,0
2021-01-04,1.01,-0.01,-1.41,0.24,0.48,-0.71,0.22,2
2021-01-05,-0.26,-0.72,0.86,1.33,0.48,0.34,0.6,2
2021-01-06,0.38,-2.58,0.79,3.18,3.91,0.01,0.58,2
2021-01-07,-0.98,1.56,1.76,0.0,-0.79,-1.47,-0.23,1
2021-01-08,-0.01,0.84,0.51,-1.05,-1.32,-0.39,-0.44,0
2021-01-11,-0.17,-0.92,-0.52,0.56,1.24,-0.18,0.47,2
2021-01-12,-0.75,-0.72,0.38,1.48,1.21,-0.45,0.43,2
2021-01-13,0.5,0.43,0.07,-1.02,-0.46,-0.21,-0.04,0
2021-01-14,-1.52,-1.06,-0.11,2.4,1.08,-1.03,0.47,2
2021-01-15,1.42,0.61,-0.86,-0.75,-0.75,0.28,-0.47,0
2021-01-19,-0.79,0.63,0.92,0.74,-0.79,-0.69,0.09,1
2021-01-20,1.4,1.26,1.26,-0.75,-1.07,0.64,-0.4,0
2021-01-21,0.63,1.19,-0.04,-0.75,-0.96,0.83,0.39,0
2021-01-22,-0.3,0.82,-0.07,1.62,-0.09,-0.68,0.6,2
2021-01-25,0.26,0.31,0.29,-0.3,-0.39,0.24,0.96,1
2021-01-26,-0.36,0.25,-0.32,0.03,-0.05,0.98,1.14,1
2021-01-27,-0.74,-0.65,-2.53,1.21,1.55,0.55,2.52,2
2021-01-28,3.58,0.2,0.92,-1.69,-0.91,-1.04,-2.3,0
2021-01-29,-0.1,0.22,-1.84,0.43,0.58,-0.76,0.4,2
2021-02-01,-0.19,1.28,1.73,0.75,-1.47,-0.24,-1.22,1
2021-02-02,1.23,-0.08,1.48,-0.8,-1.07,-1.0,-2.19,0
2021-02-03,-1.14,-1.01,0.16,0.72,0.66,-0.12,0.21,2
2021-02-04,0.55,-0.42,1.23,0.6,0.36,-0.11,-0.23,1
2021-02-05,-0.47,0.42,0.57,0.96,-0.48,-0.72,0.42,2
2021-02-08,-0.74,0.43,0.96,2.22,0.41,-0.93,0.7,2
2021-02-09,-0.26,0.45,0.05,0.72,-0.21,-0.77,-0.45,1
2021-02-10,-0.13,-0.82,-0.08,-0.45,0.62,0.22,-0.02,1
2021-02-11,0.02,0.72,0.19,-0.32,-0.46,-0.3,-0.04,0
2021-02-12,-0.34,0.65,0.49,-0.11,0.47,-0.38,-0.03,1
2021-02-16,-0.24,-0.68,-0.14,-0.21,1.87,0.14,0.02,2
2021-02-17,0.84,-1.14,-0.21,-0.68,0.61,0.28,-0.15,1
2021-02-18,0.91,-0.89,-0.64,-1.49,-0.18,0.92,-0.46,0
2021-02-19,-0.52,0.17,0.16,2.04,0.72,-0.45,0.54,2
2021-02-22,-0.15,-3.22,-1.13,0.71,3.17,1.69,0.86,2
2021-02-23,0.1,-1.83,-0.15,-1.03,0.89,1.15,-0.21,1
2021-02-24,-0.84,-0.16,1.15,1.49,1.42,-0.31,0.33,2
2021-02-25,0.53,-1.86,-2.74,-0.92,0.91,1.0,0.41,1
2021-02-26,0.87,1.97,-0.28,0.3,-1.55,0.0,-0.43,0
2021-03-01,-0.19,1.5,2.63,1.17,0.15,-0.45,0.32,2
2021-03-02,-0.17,-1.49,-1.05,-0.77,1.23,0.62,0.21,1
2021-03-03,-2.87,-3.26,-1.57,0.64,3.56,1.66,1.05,2
2021-03-04,-0.84,-2.85,-1.7,-1.1,1.72,1.28,0.43,1
2021-03-05,-0.94,-1.1,1.85,0.36,0.63,0.97,0.49,2
2021-03-08,-3.34,-3.09,-0.67,1.49,3.68,1.61,0.9,2
2021-03-09,5.23,4.51,1.79,0.45,-3.24,-1.86,-0.46,0
2021-03-10,-1.24,-0.47,0.68,1.2,1.82,-0.07,0.16,2
2021-03-11,2.55,2.98,1.43,1.06,-1.98,-1.39,-0.84,1
2021-03-12,-1.49,-1.02,0.1,0.53,1.29,0.62,0.6,2
2021-03-15,1.37,0.99,0.7,-0.3,-1.32,0.21,0.1,0
2021-03-16,1.32,-1.35,-0.43,-1.37,-0.81,0.31,-0.03,0
2021-03-17,0.0,1.48,0.33,0.63,0.32,-0.03,0.15,2
2021-03-18,-1.6,-3.44,-1.88,-1.21,2.15,0.94,0.46,1
2021-03-19,0.97,1.19,0.25,0.93,-0.97,-0.78,-0.56,2
2021-03-22,2.26,0.17,0.55,-1.71,-2.24,-0.23,-0.07,0
2021-03-23,0.89,-2.21,-1.17,-2.95,-1.05,0.58,-0.78,0
2021-03-24,-1.78,-2.81,-1.0,-1.57,1.46,1.38,0.12,0
2021-03-25,-0.31,0.72,0.67,2.01,1.4,0.45,1.13,2
2021-03-26,-0.59,-0.44,1.55,0.2,0.68,0.79,0.59,2
2021-03-29,-0.45,-2.69,-0.49,-2.48,-0.21,0.9,-0.03,0
2021-03-30,0.82,2.33,-0.02,1.83,1.0,-0.26,-0.2,2
2021-03-31,2.53,1.77,0.63,0.58,-2.31,-1.17,-0.27,0
2021-04-01,1.15,0.67,1.27,0.21,-0.02,-0.69,-0.49,1
2021-04-05,-1.18,-0.48,1.27,-0.69,-0.72,0.99,0.1,0
2021-04-06,0.5,0.68,0.01,-0.33,0.1,-0.11,-0.27,1
2021-04-07,0.27,-0.81,-0.12,-1.54,0.3,0.69,-0.1,0
2021-04-08,-0.18,1.15,0.62,0.27,-1.16,-0.54,-0.38,1
2021-04-09,-0.75,-0.17,0.65,-0.62,0.13,0.79,0.14,0
2021-04-12,-0.91,-0.23,-0.05,-0.46,0.58,0.73,-0.34,1
2021-04-13,0.54,0.91,0.41,-0.78,-1.58,-1.06,-0.39,0
2021-04-14,1.92,-0.16,-0.35,1.17,1.42,0.02,0.68,2
2021-04-15,-0.89,-0.74,1.04,-0.78,-1.18,0.1,-0.54,0
2021-04-16,-0.31,-0.29,0.27,-0.19,0.64,0.82,0.18,1
2021-04-19,-0.08,-1.22,-0.73,-0.66,0.78,0.73,0.43,1
2021-04-20,-1.39,-2.06,-0.94,-1.37,-1.57,0.39,-0.48,0
2021-04-21,1.27,1.97,1.11,1.52,0.11,-0.46,0.09,2
2021-04-22,0.51,-0.12,-0.77,0.63,-0.78,-0.2,-0.2,1
2021-04-23,-0.23,1.81,1.26,0.76,0.7,-0.34,0.05,2
2021-04-26,0.14,1.43,0.43,0.79,-0.48,-1.2,-0.07,1
2021-04-27,0.28,0.06,-0.03,0.08,0.86,0.54,0.04,1
2021-04-28,0.28,-0.15,-0.06,0.29,0.2,-0.3,-0.34,1
2021-04-29,0.82,-0.86,0.39,-0.76,1.07,1.34,-0.22,1
2021-04-30,0.35,-0.46,-0.83,-0.51,-0.32,0.12,-0.44,0
2021-05-03,-0.06,-0.35,0.17,0.75,1.7,1.05,1.08,2
2021-05-04,-0.91,-0.19,-0.89,-0.25,1.99,1.1,0.6,2
2021-05-05,-0.63,0.29,-0.05,-0.16,1.33,0.65,0.64,2
2021-05-06,-0.33,-1.02,0.48,-0.53,1.21,1.24,0.59,1
2021-05-07,0.18,1.2,0.84,0.46,-0.1,-0.24,0.14,1
2021-05-10,-1.83,-2.26,-1.36,-1.29,1.69,1.17,0.74,1
2021-05-11,1.03,0.0,-0.63,0.68,-0.86,-0.82,-0.08,1
2021-05-12,-0.52,-2.55,-2.34,-1.14,0.7,-0.28,0.13,0
2021-05-13,-0.63,-0.15,1.02,0.46,1.14,1.39,0.36,2
2021-05-14,1.23,1.74,1.81,0.97,-0.14,-0.24,-0.02,2
2021-05-17,-1.02,0.28,-0.24,0.73,0.82,0.01,0.57,2
2021-05-18,1.14,-0.27,-0.69,0.04,-0.92,-1.02,-0.44,0
2021-05-19,1.02,-0.7,-0.34,-0.52,-0.45,-0.18,-0.33,0
2021-05-20,1.24,0.19,1.15,-0.5,-1.4,-0.84,-0.51,0
2021-05-21,-0.76,0.24,-0.04,0.45,0.98,-0.12,-0.07,2
2021-05-24,0.6,1.11,0.99,-0.48,-0.67,0.27,-0.31,0
2021-05-25,1.12,0.24,-0.3,-0.87,-1.2,0.22,-0.19,0
2021-05-26,0.37,1.74,0.47,1.79,0.55,-0.55,0.15,2
2021-05-27,-0.4,1.57,0.28,1.08,0.95,-0.27,0.29,2
2021-05-28,0.21,-0.37,0.04,-0.36,-0.32,-0.2,-0.41,0
2021-06-01,-1.44,0.94,0.03,1.42,1.43,0.29,0.42,2
2021-06-02,-0.44,-0.7,0.12,-0.21,0.34,-0.08,0.68,1
2021-06-03,-0.43,-1.03,-0.53,-0.25,0.73,0.41,0.31,1
2021-06-04,-0.12,0.37,0.89,-0.6,-0.9,-0.13,-0.21,0
2021-06-07,-0.81,0.65,0.15,1.25,-0.91,-0.98,-0.24,2
2021-06-08,0.15,0.47,0.19,1.08,-0.31,0.06,-0.05,2
2021-06-09,0.34,-1.17,-0.3,-0.45,-0.84,0.16,0.16,0
2021-06-10,-0.11,-1.62,0.4,-1.34,-2.03,-0.53,-1.09,0
2021-06-11,-0.19,0.62,0.37,0.71,0.18,0.05,-0.02,2
2021-06-14,-0.91,-0.94,0.15,-0.75,-1.62,-0.58,-0.49,0
2021-06-15,1.01,0.0,-0.3,0.23,1.3,0.69,0.12,2
2021-06-16,-0.2,0.36,-0.45,0.43,0.19,-0.34,-0.24,2
2021-06-17,-2.01,-1.8,0.01,-1.35,-3.57,-0.68,-1.1,0
2021-06-18,-0.85,-0.46,-1.22,-0.8,-1.45,-0.42,-0.69,0
2021-06-21,1.42,1.35,1.35,0.83,1.04,0.41,0.34,2
2021-06-22,-0.5,0.46,0.58,-0.09,-0.46,0.19,0.24,1
2021-06-23,-0.22,1.18,0.01,0.5,-0.28,-0.48,-0.23,1
2021-06-24,0.12,0.71,0.69,0.74,0.25,-0.38,0.24,2
2021-06-25,0.7,-0.56,0.32,-0.51,0.44,-0.13,0.04,0
2021-06-28,-0.63,0.12,0.22,-0.84,-1.59,-0.51,-0.13,0
2021-06-29,-0.08,0.09,0.0,-0.41,-0.28,0.32,0.39,0
2021-06-30,1.13,0.78,0.07,0.12,0.77,0.73,0.62,1
2021-07-01,0.33,-0.26,0.43,0.4,0.41,0.01,0.42,2
2021-07-02,-0.84,-0.82,0.56,-1.52,-0.72,0.67,-0.15,0
2021-07-06,-1.63,-1.48,-0.28,-1.04,-2.0,0.57,-0.71,0
2021-07-07,-0.06,-1.14,0.09,-0.86,0.08,1.7,0.33,0
2021-07-08,-0.17,-0.32,-0.86,-0.01,-0.77,-0.22,-0.03,1
2021-07-09,1.62,1.71,1.25,0.84,1.57,-0.18,0.36,2
2021-07-12,-0.16,0.89,0.23,-0.02,0.58,0.3,-0.29,1
2021-07-13,-0.82,-1.24,-0.56,-1.22,-0.42,0.71,0.13,0
2021-07-14,-0.56,-1.4,-0.26,-1.17,0.34,1.93,0.6,0
2021-07-15,0.42,-0.62,-0.38,-0.26,0.79,0.34,-0.07,1
2021-07-16,-1.44,-1.57,-0.77,-0.38,-1.28,0.12,-0.83,0
2021-07-19,-0.4,-0.64,-1.42,0.04,-1.75,-0.43,-1.12,0
2021-07-20,0.8,1.63,1.69,0.84,0.16,-0.56,0.38,2
2021-07-21,1.52,1.91,0.95,0.71,0.81,-0.98,0.06,2
2021-07-22,-1.41,-0.68,0.09,-1.55,-1.01,0.5,-0.38,0
2021-07-23,-0.99,0.09,0.98,-0.32,-0.48,0.48,-0.36,1
2021-07-26,0.9,0.99,0.18,0.09,1.34,0.27,0.88,2
2021-07-27,-0.31,-1.08,-0.66,-0.45,0.58,0.45,0.11,1
2021-07-28,1.4,0.6,0.27,1.21,-0.66,-1.55,-0.73,2
2021-07-29,0.07,0.8,0.41,0.22,0.94,0.82,0.52,2
2021-07-30,-0.47,-0.05,-0.65,-0.08,-0.17,0.56,0.39,1
2021-08-02,-0.14,-0.05,-0.12,-0.12,-0.41,-0.06,-0.31,0
2021-08-03,-0.53,0.49,0.73,-0.4,0.92,0.64,0.2,1
2021-08-04,-0.78,-0.2,-0.39,-0.95,-1.58,-0.36,-1.09,0
2021-08-05,0.82,0.85,0.74,1.06,-0.09,-1.31,-0.43,2
2021-08-06,-0.19,0.49,0.09,0.46,1.9,0.6,0.33,2
2021-08-09,-0.31,0.67,0.01,-0.45,-0.27,-0.62,-0.54,0
2021-08-10,-0.32,0.41,0.06,0.36,1.85,0.73,0.9,2
2021-08-11,-0.37,-0.3,0.19,0.29,1.41,0.88,0.5,2
2021-08-12,-0.24,0.34,0.24,-0.69,-0.39,0.06,0.1,0
2021-08-13,-0.17,-0.87,0.0,-0.95,-0.24,0.7,-0.01,0
2021-08-16,0.38,-0.49,-0.05,-0.86,0.04,1.66,0.16,0
2021-08-17,0.64,-1.26,-0.8,-0.49,-0.12,-0.3,0.1,1
2021-08-18,-0.2,0.45,-0.95,0.11,-0.17,-0.29,-0.67,1
2021-08-19,-0.61,-0.84,-0.15,-0.95,-0.83,1.39,-0.46,0
2021-08-20,-0.3,0.22,0.92,0.85,-0.47,-0.38,-0.3,2
2021-08-23,1.35,0.75,1.08,0.76,-0.84,-1.84,-0.06,1
2021-08-24,1.08,0.95,0.41,0.41,0.36,-0.73,0.08,2
2021-08-25,-0.4,0.72,0.26,0.05,0.37,-0.41,-0.02,1
2021-08-26,-0.31,-0.32,-0.65,-0.43,-0.33,-0.06,-0.16,0
2021-08-27,0.31,0.95,1.07,1.64,0.31,-0.71,0.14,2
2021-08-30,0.14,-1.16,0.35,-0.69,-1.36,0.66,0.13,0
2021-08-31,0.08,-0.23,-0.13,0.46,-0.05,-0.46,-0.22,1
2021-09-01,0.08,-0.58,0.11,0.39,-0.93,-0.42,-0.37,1
2021-09-02,-0.13,0.22,0.36,0.21,-0.04,-0.43,0.58,1
2021-09-03,-0.32,0.25,-0.01,-0.55,-0.27,0.04,-0.28,0
2021-09-07,-0.24,0.25,-0.36,-0.37,-0.08,-0.59,0.17,1
2021-09-08,-0.02,-0.96,-0.34,-0.74,0.08,0.75,0.19,0
2021-09-09,0.58,0.91,-0.27,0.25,0.09,-0.79,-0.31,1
2021-09-10,0.0,-0.25,-0.76,-0.03,0.03,0.21,-0.47,1
2021-09-13,0.94,0.0,0.14,0.22,1.33,0.21,0.99,2
2021-09-14,-0.42,-0.12,-0.66,-0.67,-0.97,0.44,-0.47,0
2021-09-15,-0.12,1.04,0.88,0.12,0.65,-0.24,0.48,1
2021-09-16,-0.22,-0.11,-0.03,-0.08,-0.56,-0.41,-0.56,1
2021-09-17,0.5,-0.74,-0.72,0.97,-0.05,-0.64,-0.44,2
2021-09-20,1.62,-0.69,-1.87,-0.57,0.21,0.76,0.27,1
2021-09-21,-0.82,0.15,0.05,0.25,-0.67,-0.44,-0.33,1
2021-09-22,-0.43,1.34,1.0,0.14,0.54,-0.52,0.48,2
2021-09-23,0.0,1.09,1.28,0.46,0.93,-1.01,0.2,2
2021-09-24,-0.46,0.24,0.08,-0.39,0.7,0.57,0.26,1
2021-09-27,-0.1,0.66,-0.1,1.7,2.44,-0.27,0.73,2
2021-09-28,0.16,-0.63,-2.18,-0.01,1.75,0.84,1.08,2
2021-09-29,-0.22,-0.49,0.03,-0.2,0.81,1.16,0.32,1
2021-09-30,0.65,-0.11,-1.02,0.07,-0.77,-1.21,-0.36,1
2021-10-01,-0.75,0.62,1.1,0.47,0.5,-0.1,0.6,2
2021-10-04,-1.5,0.07,-1.43,0.4,2.33,0.69,1.09,2
2021-10-05,0.46,0.66,1.05,-0.57,-0.05,-0.07,-0.3,0
2021-10-06,0.4,-0.86,0.33,-0.99,-0.5,0.34,-0.67,0
2021-10-07,-0.04,0.64,1.01,0.45,-0.16,-0.08,0.05,1
2021-10-08,-1.45,0.04,-0.27,-0.45,1.12,0.09,0.62,1
2021-10-11,-0.26,0.05,-0.72,0.21,-0.27,-0.03,0.29,1
2021-10-12,0.05,-0.04,-0.06,0.55,-0.43,-0.88,-0.26,1
2021-10-13,1.15,-0.43,0.43,-0.09,-1.05,-0.47,-0.77,0
2021-10-14,0.83,0.11,1.66,-0.37,-0.27,-0.01,-0.12,0
2021-10-15,-0.35,0.13,0.63,-1.13,0.3,0.38,-0.05,0
2021-10-18,-0.28,1.38,0.41,-0.42,0.0,0.56,-0.06,1
2021-10-19,1.0,-0.72,0.71,-0.46,-0.25,-0.17,0.09,0
2021-10-20,-0.11,0.1,0.34,0.22,1.19,0.29,0.52,2
2021-10-21,0.36,0.03,0.37,0.04,-0.96,0.33,-0.62,0
2021-10-22,-1.29,0.31,-0.25,0.01,1.01,0.44,0.46,1
2021-10-25,-0.85,1.24,0.58,0.37,-0.14,-0.42,-0.37,1
2021-10-26,-0.17,-0.21,0.04,-0.77,-0.31,-0.36,-0.15,0
2021-10-27,-0.37,-0.09,-0.76,-0.95,-1.19,0.85,-0.61,0
2021-10-28,-0.18,0.73,1.14,0.82,-0.49,-0.3,-0.17,1
2021-10-29,-0.91,0.56,0.22,0.14,-0.83,0.57,-0.78,1
2021-11-01,1.07,1.05,0.51,2.05,0.45,-1.13,0.02,2
2021-11-02,-0.55,0.0,0.24,-0.32,-0.54,0.43,0.14,0
2021-11-03,0.27,-0.29,0.8,1.44,-0.13,0.2,-0.39,2
2021-11-04,-0.84,-0.51,0.39,-0.28,-1.36,0.66,-0.72,0
2021-11-05,1.35,0.79,0.38,0.78,1.2,0.01,1.3,2
2021-11-08,0.44,0.52,0.18,0.01,0.08,-0.49,-0.07,1
2021-11-09,-0.02,-0.91,-0.35,-0.14,0.45,0.58,0.28,1
2021-11-10,1.32,-0.94,-1.07,-0.3,0.93,1.38,-0.07,1
2021-11-11,-0.99,1.02,0.24,0.63,0.33,0.13,0.1,2
2021-11-12,0.0,-0.22,0.74,-0.45,-0.91,0.4,-0.3,0
2021-11-15,0.13,-0.18,-0.02,-0.46,0.69,0.55,0.48,1
2021-11-16,-1.06,0.32,0.5,-0.17,-0.71,0.18,-0.65,0
2021-11-17,-0.78,0.0,-0.47,-0.64,-0.25,0.82,0.16,0
2021-11-18,-1.64,0.93,0.06,-0.76,-0.07,1.27,-0.09,1
2021-11-19,-1.07,-0.01,-0.2,-0.4,-1.28,1.06,-0.6,0
2021-11-22,-0.01,0.62,-0.61,0.04,2.77,1.25,1.6,2
2021-11-23,0.31,0.03,-0.03,-0.19,1.74,0.23,1.15,2
2021-11-24,0.91,0.14,0.3,-0.14,-0.86,-0.52,-0.2,0
2021-11-26,1.0,-0.67,-2.23,-1.26,-0.94,0.27,-0.6,0
2021-11-29,-1.02,1.27,1.11,-1.32,-0.76,0.4,-0.32,0
2021-11-30,0.0,-0.13,-1.95,0.17,-1.14,-0.12,0.42,1
2021-12-01,-1.76,-0.3,-1.61,-0.46,1.08,2.3,0.76,1
2021-12-02,1.37,-0.26,1.51,0.99,1.27,-0.67,0.04,2
2021-12-03,-1.84,-1.22,-1.21,-0.87,1.07,1.76,1.0,1
2021-12-06,0.55,-0.97,1.19,0.84,0.61,0.08,0.63,2
2021-12-07,2.08,0.99,2.22,-0.16,-1.8,-1.46,-0.45,0
2021-12-08,1.25,-0.5,0.47,0.34,-0.82,-0.95,0.2,1
2021-12-09,-1.56,-0.05,-1.07,-1.05,1.54,1.42,0.98,1
2021-12-10,-1.44,0.74,0.7,-0.88,0.52,1.38,0.76,1
2021-12-13,-0.12,-1.92,-1.04,-0.29,-0.98,0.3,-0.32,0
2021-12-14,-0.03,-0.3,-0.76,-0.35,1.63,0.38,0.17,2
2021-12-15,0.27,0.48,1.62,0.02,-1.91,0.04,-0.36,0
2021-12-16,-1.72,-1.16,-1.2,-0.85,2.77,0.62,0.66,2
2021-12-17,2.27,-1.59,-0.65,1.48,-2.33,-1.71,-0.38,1
2021-12-20,-1.02,-0.39,-1.27,-0.23,-0.4,0.04,0.15,1
2021-12-21,2.38,0.59,2.06,0.67,0.2,-1.08,-0.2,2
2021-12-22,0.24,0.95,0.97,0.18,-0.36,0.34,0.07,1
2021-12-23,1.09,0.09,0.71,0.29,-0.48,-0.36,-0.39,1
2021-12-27,0.2,1.92,1.22,-0.14,0.31,0.98,0.48,1
2021-12-28,-0.53,-0.54,-0.27,-0.4,0.8,0.84,0.21,1
2021-12-29,-0.63,0.41,0.06,-0.03,0.17,0.7,0.0,1
2021-12-30,1.06,-1.05,-0.15,0.08,-0.41,-0.83,-0.41,1
2021-12-31,-0.31,0.42,-0.31,0.18,0.53,0.36,0.4,1
2022-01-03,1.52,-1.05,0.73,0.42,0.8,-1.17,0.59,2
2022-01-04,-0.47,0.39,-0.29,-0.08,3.64,0.63,1.47,2
2022-01-05,-1.57,-0.71,-2.28,-0.94,2.59,1.39,1.25,2
2022-01-06,-0.58,0.71,0.0,0.38,1.75,-0.56,-0.01,2
2022-01-07,-1.54,-0.63,-0.48,-0.96,2.02,-0.12,0.85,1
2022-01-10,0.02,-0.18,-0.15,-0.3,-0.28,-0.05,-0.37,1
2022-01-11,1.19,-0.1,1.1,-0.2,-0.28,-1.25,0.37,1
2022-01-12,-0.44,1.26,0.12,-0.86,0.51,0.77,0.27,1
2022-01-13,-2.07,-0.28,-1.57,0.86,2.4,1.16,1.02,2
2022-01-14,-0.84,-0.19,0.08,0.04,0.55,-0.85,0.49,2
2022-01-18,-1.47,0.12,-2.08,-0.9,1.36,0.8,0.97,1
2022-01-19,0.78,-0.44,-1.01,-0.36,-0.67,0.24,0.09,0
2022-01-20,0.37,-0.44,-1.14,-0.84,-0.23,-0.3,0.12,0
2022-01-21,-1.0,0.37,-2.1,0.38,0.48,1.03,0.49,2
2022-01-24,1.45,0.09,0.53,1.75,-0.24,-0.07,-0.66,2
2022-01-25,-2.69,0.24,-1.43,-0.2,2.79,-0.8,1.6,2
2022-01-26,-0.05,1.4,-0.3,-1.06,0.09,0.43,-0.04,0
2022-01-27,-1.51,0.29,-0.79,-1.46,0.78,1.06,0.93,0
2022-01-28,2.28,-0.29,2.45,-0.61,-2.08,0.16,0.21,0
2022-01-31,5.29,-1.71,2.34,0.71,-2.84,-1.8,-1.6,0
2022-02-01,0.27,0.0,0.87,0.12,0.66,-1.07,0.38,1
2022-02-02,-1.57,2.37,0.48,-1.59,0.72,1.48,0.49,0
2022-02-03,-2.31,1.23,-2.49,0.45,2.17,0.42,1.35,2
2022-02-04,1.92,-2.24,0.89,-0.28,-0.6,-1.69,-1.11,1
2022-02-07,-0.22,-0.38,-0.25,0.66,0.23,-0.7,-0.01,1
2022-02-08,0.34,-0.15,1.02,0.73,-0.27,0.93,-0.45,1
2022-02-09,1.62,-1.14,1.61,0.02,-1.95,-1.09,-0.23,0
2022-02-10,-0.75,0.35,-1.69,0.03,1.23,-0.56,0.32,2
2022-02-11,-1.32,0.73,-1.92,0.91,2.12,-0.21,1.44,2
2022-02-14,0.51,-0.01,-0.35,0.09,-0.59,0.69,-0.18,1
2022-02-15,1.76,-0.91,1.87,1.03,-1.41,-0.66,-0.84,1
2022-02-16,-0.3,0.64,-0.02,0.03,0.32,0.6,0.41,1
2022-02-17,0.43,1.03,-2.28,-0.04,1.08,0.85,1.46,2
2022-02-18,-0.01,1.04,-0.87,0.1,0.94,1.06,0.41,2
2022-02-22,0.35,0.43,-1.18,-0.35,0.09,-0.06,0.14,1
2022-02-23,-0.77,0.95,-1.96,0.06,1.26,0.01,1.05,2
2022-02-24,1.86,-3.01,1.89,0.72,-3.86,-1.79,-1.73,0
2022-02-25,0.47,0.79,2.23,-0.15,1.23,0.37,-0.2,2
2022-02-28,-0.82,-0.32,0.05,0.39,-0.48,-0.82,0.29,1
2022-03-01,-0.74,0.28,-1.56,-0.28,-0.82,-0.41,0.56,0
2022-03-02,0.52,1.29,1.81,0.61,1.32,0.53,0.41,2
2022-03-03,-1.23,1.28,-0.88,-0.21,1.51,1.23,1.22,2
2022-03-04,-2.09,1.51,-1.1,-0.52,0.69,0.37,1.22,1
2022-03-07,-2.34,0.57,-3.12,0.72,0.9,-0.69,1.35,2
2022-03-08,1.96,-0.84,-0.52,0.96,0.35,-1.09,-0.25,2
2022-03-09,3.98,-0.97,2.79,0.01,-2.11,-0.41,-1.56,0
2022-03-10,-1.27,1.0,-0.47,0.3,1.17,-0.32,0.35,2
2022-03-11,-1.58,1.31,-1.49,-0.13,1.78,0.99,0.6,2
2022-03-14,-0.33,1.22,-1.06,-0.83,1.74,2.18,0.05,1
2022-03-15,2.05,-0.77,2.15,-0.49,-2.39,0.77,-1.0,0
2022-03-16,3.99,-2.1,2.61,0.44,-1.82,-1.15,-1.52,0
2022-03-17,0.38,-0.69,1.43,0.16,-1.09,-1.59,-0.14,0
2022-03-18,1.61,-0.95,1.33,-0.19,-1.85,-0.54,-0.8,0
2022-03-21,-0.91,1.6,-0.17,-0.94,1.6,-0.18,1.57,1
2022-03-22,0.72,-0.87,1.31,-0.22,-1.15,-0.81,-1.01,0
2022-03-23,-1.13,0.83,-1.25,-0.61,0.39,-0.5,1.55,1
2022-03-24,-0.61,-0.24,1.42,-0.32,-0.78,-0.47,-0.18,0
2022-03-25,-0.78,1.1,0.27,-0.31,2.19,0.2,1.33,2
2022-03-28,0.41,-0.46,0.73,-0.87,-1.71,0.5,-1.19,0
2022-03-29,2.16,-1.98,1.45,1.2,-1.94,-0.34,-0.98,1
2022-03-30,-0.39,1.01,-0.83,-1.13,0.42,0.4,0.92,0
2022-03-31,-0.63,0.4,-1.55,0.62,-0.43,-0.23,0.39,1
2022-04-01,-0.68,-0.2,0.39,0.57,-0.58,-0.91,0.05,1
2022-04-04,-1.0,-1.54,0.94,-0.54,-1.87,-0.78,-0.66,0
2022-04-05,1.38,1.16,-1.55,-0.72,0.82,0.69,0.17,1
2022-04-06,0.5,1.45,-1.24,-0.31,1.09,0.24,0.85,1
2022-04-07,-0.23,1.21,0.33,-0.61,-0.13,0.38,0.34,0
2022-04-08,0.4,0.94,-0.39,-0.53,2.24,0.36,1.04,2
2022-04-11,1.08,-0.84,-1.54,0.62,1.06,0.44,0.06,2
2022-04-12,-0.53,0.96,-0.29,0.57,0.46,-0.26,1.05,2
2022-04-13,-0.31,-0.19,1.4,0.62,-0.7,-1.0,0.02,1
2022-04-14,-0.71,0.79,-1.28,0.32,1.41,0.18,0.94,2
2022-04-18,0.34,1.5,-0.21,-0.57,1.81,0.76,0.63,2
2022-04-19,1.95,-1.37,1.77,0.4,-0.94,0.54,-1.27,1
2022-04-20,-1.11,2.18,-0.28,0.48,1.26,0.76,1.13,2
2022-04-21,-1.23,0.38,-1.76,-0.55,0.38,1.75,0.4,1
2022-04-22,0.25,-0.29,-2.74,0.26,-0.17,-0.12,-0.22,1
2022-04-25,1.7,-1.24,0.71,0.12,-1.84,0.11,-1.06,0
2022-04-26,-1.41,1.28,-3.0,-0.36,1.78,0.23,1.22,2
2022-04-27,-0.66,1.22,0.12,-0.57,0.35,0.15,0.8,1
2022-04-28,1.47,-0.41,2.44,-0.51,-0.44,0.46,0.09,1
2022-04-29,-1.71,0.26,-3.53,0.87,0.59,-0.24,0.66,2
2022-05-02,2.23,-1.79,0.8,0.39,-1.15,-0.62,-1.34,1
2022-05-03,-0.17,0.8,0.41,0.15,1.64,0.0,1.15,2
2022-05-04,0.79,-0.31,3.0,-0.53,0.34,0.07,0.07,1
2022-05-05,-2.39,1.24,-3.8,-0.25,2.37,0.61,1.17,2
2022-05-06,-1.99,1.4,-0.85,-1.02,1.79,1.01,1.36,1
2022-05-09,-2.9,0.08,-3.54,-0.03,1.31,4.21,-0.3,2
2022-05-10,1.63,1.03,0.2,-0.49,-1.24,-0.66,0.31,0
2022-05-11,-3.5,2.03,-1.95,-0.59,2.59,0.7,0.95,2
2022-05-12,1.71,-2.5,0.17,1.21,-1.24,-0.37,-1.1,1
2022-05-13,4.31,-1.41,2.76,0.37,-2.16,-2.13,-0.69,0
2022-05-16,-1.75,1.61,-0.6,0.09,1.34,0.19,1.33,2
2022-05-17,1.48,-1.46,2.15,0.94,-0.04,-0.69,-0.32,2
2022-05-18,-1.79,0.03,-4.04,0.46,1.54,-0.54,0.35,2
2022-05-19,1.62,-1.38,-0.34,0.39,-0.77,-1.19,-0.86,1
2022-05-20,-0.5,-0.16,-0.05,-0.13,-0.19,-0.11,0.16,1
2022-05-23,0.32,0.93,1.74,-0.93,1.32,-0.03,1.02,1
2022-05-24,-2.5,2.23,-1.23,-0.48,1.85,1.43,1.14,2
2022-05-25,1.33,-0.89,1.22,0.75,0.2,-0.56,0.01,2
2022-05-26,1.48,-0.85,2.18,0.01,-0.59,-0.14,-0.31,1
2022-05-27,1.48,-0.73,2.58,0.01,-1.24,-0.63,-0.26,0
2022-05-31,0.47,-0.53,-0.71,-0.37,0.4,0.78,-0.24,1
2022-06-01,-0.86,1.25,-0.75,0.25,0.72,-0.24,1.08,2
2022-06-02,2.24,-1.9,2.09,0.41,-2.05,-0.43,-1.49,0
2022-06-03,-1.5,0.84,-1.63,1.02,0.52,-0.8,0.45,2
2022-06-06,-0.28,0.03,0.33,0.04,0.69,0.5,0.18,2
2022-06-07,0.33,0.25,0.99,0.19,-0.15,-1.58,0.66,1
2022-06-08,-0.01,-0.93,-1.02,-0.26,-0.54,-0.69,-0.24,0
2022-06-09,0.58,1.21,-2.44,0.45,0.24,0.86,0.15,1
2022-06-10,1.18,2.48,-3.0,0.27,0.62,0.31,0.5,2
2022-06-13,1.35,1.97,-4.13,-0.46,0.61,1.7,-0.36,1
2022-06-14,0.17,0.39,-0.25,0.1,0.13,0.12,0.04,1
2022-06-15,0.97,-2.3,1.55,-0.01,-1.68,-0.21,-1.14,0
2022-06-16,-0.84,0.96,-3.52,-1.08,0.0,0.6,-0.64,0
2022-06-17,1.11,-3.52,0.46,0.73,-2.63,0.38,-2.02,0
2022-06-21,-0.84,1.32,2.38,-0.84,0.26,-0.91,0.0,1
2022-06-22,0.02,-1.69,-0.19,0.04,-1.79,0.63,-1.61,0
2022-06-23,-1.1,-3.75,1.13,0.32,-3.87,0.5,-1.88,0
2022-06-24,0.79,-1.0,3.11,-0.42,-0.03,0.11,-0.33,0
2022-06-27,1.57,2.43,-0.28,0.76,1.26,-0.3,1.29,2
2022-06-28,1.15,2.89,-2.09,0.04,2.36,-0.7,1.3,2
2022-06-29,-1.74,-0.1,-0.2,-0.58,-1.32,1.09,-0.86,0
2022-06-30,-1.12,1.03,-0.96,0.51,-0.15,0.9,-0.16,1
2022-07-01,-0.89,-1.12,1.14,-0.02,0.11,-0.75,-0.07,1
2022-07-05,0.19,-4.79,0.48,1.12,-3.35,-1.74,-2.15,0
2022-07-06,-1.36,0.28,0.17,-0.89,-0.73,0.05,-0.31,0
2022-07-07,2.5,-0.99,1.77,0.89,-0.96,-0.84,-1.32,1
2022-07-08,-0.45,0.47,-0.07,0.07,-0.07,-0.25,-0.21,1
2022-07-11,-0.5,2.68,-1.39,-0.99,1.59,1.71,1.26,1
2022-07-12,0.48,-0.66,-0.88,0.85,0.52,0.1,0.83,2
2022-07-13,0.13,-0.02,-0.39,0.43,-0.38,0.04,-0.33,1
2022-07-14,-0.99,0.55,-0.41,-0.47,-1.01,0.78,-0.03,0
2022-07-15,0.59,-0.68,1.95,0.04,0.46,-0.22,-0.39,1
2022-07-18,2.47,0.24,-0.71,0.37,1.02,0.14,-0.09,2
2022-07-19,0.38,-1.62,2.81,0.84,-0.54,-0.27,-0.59,1
2022-07-20,-0.26,-2.78,0.89,1.08,-1.31,-1.48,-1.49,1
2022-07-21,-1.21,-1.04,0.97,-0.33,-1.6,-0.25,-0.89,0
2022-07-22,1.19,2.28,-1.19,-0.84,1.38,1.74,1.52,1
2022-07-25,0.74,2.15,0.12,0.1,1.68,0.65,0.52,2
2022-07-26,-0.78,2.38,-1.32,0.34,1.06,0.57,1.16,2
2022-07-27,1.2,-1.78,2.72,0.16,-1.26,-0.2,-1.34,1
2022-07-28,-0.46,-0.15,1.19,-0.04,-0.86,0.15,-0.88,0
2022-07-29,-1.36,-0.48,1.45,-0.88,0.45,0.48,-1.17,0
2022-08-01,0.25,-0.48,-0.19,0.18,-0.26,0.17,0.35,1
2022-08-02,0.08,-1.04,-0.49,0.58,-1.4,-2.18,-0.46,1
2022-08-03,-0.17,-3.09,1.67,0.28,-1.93,-1.49,-0.71,0
2022-08-04,-0.1,-1.54,-0.06,0.41,-1.65,-1.3,-0.86,1
2022-08-05,0.6,-0.1,-0.04,0.94,-0.06,-1.27,-0.22,2
2022-08-08,0.35,-0.89,0.0,0.97,-0.08,-0.44,0.21,2
2022-08-09,1.51,2.68,-0.68,-1.37,2.11,0.87,1.3,1
2022-08-10,-1.54,-3.0,2.36,0.77,-1.59,-1.38,-1.36,1
2022-08-11,0.18,0.78,-0.07,0.21,1.65,0.74,0.9,2
2022-08-12,-0.95,-0.67,1.76,0.49,-0.73,-0.65,-0.53,1
2022-08-15,0.41,-0.03,0.38,-0.02,-0.62,-0.18,-0.01,1
2022-08-16,0.33,0.2,0.19,-0.14,0.71,1.03,0.52,1
2022-08-17,0.69,2.36,-0.93,-0.92,1.04,1.27,0.67,1
2022-08-18,0.16,1.19,0.27,0.35,0.47,0.79,0.08,1
2022-08-19,0.79,2.44,-1.5,-0.94,0.96,1.06,1.25,1
2022-08-22,-0.05,1.53,-2.14,-0.04,0.37,0.2,0.2,1
2022-08-23,-0.46,0.16,-0.11,0.11,0.33,-0.36,-0.19,1
2022-08-24,-0.67,-0.83,0.4,0.52,-0.61,-1.43,-0.48,1
2022-08-25,0.29,-0.79,1.45,0.12,-0.01,0.15,-0.38,1
2022-08-26,-0.05,1.95,-3.37,-0.27,1.68,0.22,0.85,2
2022-08-29,-0.58,0.62,-0.72,-0.39,0.43,0.26,0.43,1
2022-08-30,1.06,-0.88,-1.11,-0.38,-0.24,-0.24,0.12,1
2022-08-31,-0.46,-0.25,-0.74,0.23,-0.45,-0.62,-0.13,1
2022-09-01,0.12,0.12,-0.01,-1.04,-0.3,0.62,0.55,0
2022-09-02,-0.92,0.7,-0.99,0.11,1.06,-0.06,0.27,2
2022-09-06,0.03,0.31,-0.51,-0.54,-0.52,-0.17,-0.7,0
2022-09-07,1.11,-1.87,1.92,0.41,-1.53,-1.3,-0.54,0
2022-09-08,-0.01,-1.26,0.78,-0.15,-0.2,-1.29,-1.01,1
2022-09-09,1.46,-1.12,1.67,0.38,-0.51,-0.1,-0.49,1
2022-09-12,0.37,-0.13,1.07,0.25,-0.17,-0.13,-0.13,1
2022-09-13,-2.27,1.91,-4.29,0.05,1.44,-0.31,0.9,2
2022-09-14,-1.09,0.43,0.45,-0.19,-0.28,-0.73,-0.42,1
2022-09-15,-0.27,-0.09,-1.03,0.39,0.54,-0.36,0.24,2
2022-09-16,0.49,1.58,-0.99,-0.75,0.85,1.69,0.95,1
2022-09-19,0.14,0.78,0.72,-0.07,0.67,0.61,-0.07,1
2022-09-20,-0.6,1.29,-1.16,-0.3,0.04,-0.12,0.33,1
2022-09-21,0.14,0.62,-1.68,0.33,0.08,0.38,0.1,1
2022-09-22,0.01,1.71,-1.14,-1.16,0.41,1.16,0.9,0
2022-09-23,-0.47,-0.83,-1.85,-0.47,-0.81,0.18,-0.26,0
2022-09-26,-1.09,0.72,-1.02,-0.05,-0.75,0.17,-0.42,1
2022-09-27,1.24,-0.1,-0.05,0.58,-0.93,-0.62,-0.9,1
2022-09-28,1.37,-1.38,2.15,0.92,-0.33,-0.86,-0.71,1
2022-09-29,-0.79,0.88,-2.17,-0.28,0.86,0.43,0.5,1
2022-09-30,-0.24,0.5,-1.42,0.59,0.26,-0.66,-0.09,2
2022-10-03,1.71,-0.17,2.55,0.01,0.69,0.9,0.37,1
2022-10-04,1.22,-2.28,3.3,0.72,-0.06,-1.04,-0.29,2
2022-10-05,-0.89,0.49,-0.22,-0.37,0.06,0.35,0.16,1
2022-10-06,-1.37,0.01,-0.86,0.46,0.13,-0.12,-0.46,2
2022-10-07,-1.41,2.1,-2.91,-0.23,1.68,0.97,1.46,2
2022-10-10,-0.66,1.3,-0.81,0.24,0.76,1.52,0.4,2
2022-10-11,-0.84,0.9,-0.7,0.61,0.32,0.57,0.64,2
2022-10-12,-0.05,-0.6,-0.28,0.02,0.02,-0.02,0.0,1
2022-10-13,-0.05,0.59,2.4,-0.26,1.57,0.54,0.96,2
2022-10-14,-1.22,0.75,-2.46,-0.21,1.2,0.53,1.57,2
2022-10-17,2.39,-2.08,2.74,0.38,-1.42,-1.01,-1.19,1
2022-10-18,0.35,-0.29,1.19,-0.13,0.01,-0.43,0.03,1
2022-10-19,-0.95,1.97,-0.87,-1.2,1.21,0.69,0.78,1
2022-10-20,-0.24,-0.6,-0.8,-0.33,-0.43,-0.61,0.11,0
2022-10-21,-0.8,0.27,2.3,-0.05,0.11,0.61,-0.22,1
2022-10-24,0.11,0.78,1.03,-0.63,0.45,1.16,0.49,1
2022-10-25,2.0,-2.93,1.78,1.02,-1.52,-1.18,-1.24,1
2022-10-26,-0.65,0.5,-0.66,0.7,0.89,-0.8,0.68,2
2022-10-27,-1.09,0.51,-0.54,0.43,1.09,-0.37,0.51,2
2022-10-28,0.58,0.04,2.32,0.05,-0.34,0.38,0.62,1
2022-10-31,-0.65,0.74,-0.67,0.47,0.75,-0.21,0.49,2
2022-11-01,-0.8,-0.12,-0.35,0.44,0.78,-0.03,0.4,1
2022-11-02,-1.21,2.16,-2.67,-0.87,1.6,0.21,1.05,1
2022-11-03,-1.72,0.5,-1.03,0.39,0.32,-0.15,0.06,1
2022-11-04,-0.57,0.24,1.16,-0.26,1.28,2.18,0.62,2
2022-11-07,-0.36,0.19,0.87,-0.34,0.61,1.06,0.95,1
2022-11-08,0.23,-0.29,0.5,-0.55,-0.36,-0.19,0.06,0
2022-11-09,0.08,1.63,-2.25,-0.51,0.55,0.94,1.07,1
2022-11-10,3.96,-6.68,5.68,1.01,-3.1,-0.65,-2.74,0
2022-11-11,0.82,-4.58,1.07,0.17,-1.07,-0.88,-1.14,0
2022-11-14,0.6,1.8,-0.95,-0.25,0.27,0.54,0.43,1
2022-11-15,-0.29,-1.64,1.03,0.46,-0.71,-0.49,-0.51,1
2022-11-16,0.69,2.69,-1.04,-1.07,0.56,1.19,0.92,0
2022-11-17,-0.22,1.64,-0.42,-0.29,0.58,1.37,0.75,1
2022-11-18,0.2,1.31,0.4,-0.09,0.09,0.4,0.62,1
2022-11-21,-0.44,1.62,-0.53,-0.21,0.99,0.48,1.1,1
2022-11-22,-0.36,-0.06,1.36,-0.38,0.43,0.72,-0.23,1
2022-11-23,0.86,-1.84,0.63,-0.24,-0.94,-0.74,-0.57,0
2022-11-25,0.02,0.66,-0.02,0.27,0.43,-0.17,0.14,1
2022-11-28,0.36,0.79,-1.55,-0.47,-0.2,0.3,0.29,1
2022-11-29,-0.41,0.39,-0.18,0.34,1.02,0.2,0.47,2
2022-11-30,0.91,-2.82,3.12,-0.15,-2.07,-0.77,-1.41,0
2022-12-01,-0.04,-0.67,-0.03,0.04,-0.69,-0.32,-0.32,1
2022-12-02,-0.13,0.21,-0.08,0.84,-0.55,-0.41,0.32,1
2022-12-05,-0.77,0.72,-2.02,-0.54,-0.52,0.88,0.97,0
2022-12-06,-0.06,1.54,-1.51,-0.02,1.15,0.81,0.71,2
2022-12-07,-0.24,0.55,-0.24,-0.17,-0.34,0.09,-0.21,1
2022-12-08,-0.87,-1.31,0.76,-0.09,-1.22,-0.57,-0.64,0
2022-12-09,0.22,-0.56,-0.8,-0.53,0.35,0.23,0.14,1
2022-12-12,-0.18,0.07,1.41,-0.29,-0.16,-0.24,-0.13,0
2022-12-13,0.23,-1.24,0.66,0.08,-0.74,-0.28,-0.58,1
2022-12-14,-0.75,0.21,-0.56,0.03,-0.44,-0.14,-0.09,1
2022-12-15,-0.09,1.64,-2.57,-0.12,1.37,0.26,0.37,2
2022-12-16,-0.23,0.35,-1.02,0.55,0.18,-0.06,0.4,2
2022-12-19,0.38,2.08,-1.01,-0.61,1.23,0.66,1.18,1
2022-12-20,-0.23,0.64,0.13,0.24,0.25,-0.5,0.46,1
2022-12-21,0.07,-0.06,1.52,0.14,-0.13,0.36,-0.27,1
2022-12-22,-0.76,0.92,-1.52,0.21,0.36,-0.07,0.87,1
2022-12-23,0.44,0.98,0.51,-0.34,1.16,0.86,0.46,1
2022-12-27,-1.39,2.14,-0.51,-0.43,1.43,1.15,1.22,1
2022-12-28,0.0,-0.32,-1.24,-0.29,-0.29,-0.97,-0.04,0
2022-12-29,1.28,-2.67,1.87,1.04,-1.07,-1.02,-0.82,1
2022-12-30,0.35,-0.25,-0.22,0.13,-0.03,-0.53,0.01,1
2023-01-03,-0.2,-1.15,-0.48,0.05,-0.12,0.25,0.51,1
2023-01-04,0.62,-2.09,0.81,0.56,0.05,-0.78,-0.02,1
2023-01-05,-0.7,1.21,-1.14,0.14,1.22,0.78,0.8,2
2023-01-06,0.38,-0.07,2.21,-0.01,0.05,0.85,0.14,1
2023-01-09,0.58,-2.03,0.04,0.34,-1.24,-0.69,-1.01,1
2023-01-10,0.21,-1.02,0.8,0.87,-0.56,-0.46,-0.47,1
2023-01-11,1.08,-1.74,1.26,0.02,-0.82,-0.17,-1.02,1
2023-01-12,-0.39,-0.58,0.46,1.4,-0.3,-1.11,-0.51,2
2023-01-13,0.01,-0.2,0.46,0.23,-0.29,-0.21,-0.26,1
2023-01-17,0.71,-0.64,-0.18,-0.03,-0.52,-0.61,-0.4,1
2023-01-18,-0.05,-0.3,-1.55,0.03,-0.7,0.33,-0.09,0
2023-01-19,0.07,0.59,-0.86,-0.09,0.84,0.57,0.66,1
2023-01-20,-0.84,-2.19,1.95,-0.03,-0.7,-0.19,-0.73,1
2023-01-23,-0.85,-2.15,1.29,-0.04,-1.0,-0.48,-1.0,0
2023-01-24,0.93,1.11,-0.16,-0.17,0.2,-0.23,0.37,1
2023-01-25,-0.4,0.12,0.0,0.13,0.65,0.04,0.22,1
2023-01-26,-1.15,-1.21,1.08,-0.62,0.02,-0.19,-0.34,0
2023-01-27,-1.67,-2.42,0.36,0.33,-1.15,-0.64,-1.2,1
2023-01-30,1.85,1.37,-1.38,0.04,0.72,0.41,0.82,2
2023-01-31,-0.53,-0.68,1.58,0.94,-0.07,-0.06,-0.51,2
2023-02-01,-1.96,-2.56,1.19,0.63,-1.67,-0.2,-1.09,1
2023-02-02,-2.84,-4.67,1.54,1.16,-2.07,-0.23,-1.65,1
2023-02-03,1.26,1.61,-1.08,0.37,0.95,1.02,0.97,2
2023-02-06,0.93,0.97,-0.73,-0.8,0.41,-0.27,0.41,1
2023-02-07,-0.88,-0.77,1.24,-0.51,-0.04,0.32,-0.36,0
2023-02-08,0.86,0.83,-1.18,-0.68,0.72,-0.33,-0.05,1
2023-02-09,0.54,1.08,-0.95,-0.61,0.2,0.31,0.41,0
2023-02-10,1.74,2.2,0.11,-0.31,1.54,0.61,0.86,1
2023-02-13,-0.46,-0.65,1.14,0.09,-0.73,0.46,-0.28,1
2023-02-14,-1.01,-0.86,0.12,-0.05,-0.67,-0.68,-0.9,1
2023-02-15,-0.59,-1.63,0.51,0.73,-0.9,-1.12,-1.01,1
2023-02-16,0.91,1.32,-1.37,0.22,0.97,0.84,0.87,2
2023-02-17,0.98,0.53,-0.28,0.65,-0.15,0.16,0.52,2
2023-02-21,0.81,1.49,-2.16,-1.15,0.87,0.36,0.77,1
2023-02-22,0.03,-0.56,-0.04,0.45,-0.43,-0.37,-0.39,1
2023-02-23,-0.47,0.06,0.46,0.1,-0.24,-0.01,-0.38,1
2023-02-24,-0.13,1.22,-1.09,-0.27,1.24,0.25,0.38,1
2023-02-27,-0.09,-0.25,0.31,0.05,-0.28,0.06,-0.4,1
2023-02-28,0.18,-0.42,-0.26,0.53,-0.71,-0.57,-0.16,1
2023-03-01,0.0,1.6,-0.42,0.4,0.62,0.2,0.61,1
2023-03-02,0.34,-0.31,0.67,-0.5,-0.41,-0.14,0.18,0
2023-03-03,0.31,-0.82,1.61,-0.08,-0.52,-0.35,-0.65,1
2023-03-06,-0.05,0.63,-0.13,-1.61,-0.09,0.32,-0.13,0
2023-03-07,-0.32,0.24,-1.45,0.62,-0.66,-0.11,-0.17,1
2023-03-08,0.16,-0.12,0.08,0.08,-0.39,0.38,-0.13,1
2023-03-09,-1.14,1.05,-2.02,-0.68,-0.67,1.03,0.63,0
2023-03-10,-0.71,0.5,-1.68,-1.38,0.81,0.98,1.07,0
2023-03-13,-1.69,-0.54,-0.34,-1.17,-3.52,-0.99,-0.61,0
2023-03-14,-0.46,-0.16,1.71,0.0,-0.4,-0.22,-0.44,1
2023-03-15,-0.92,-1.9,-0.79,-0.52,-1.82,0.35,-0.43,0
2023-03-16,-0.18,-0.55,1.76,0.01,-0.19,0.07,-0.71,1
2023-03-17,-2.03,-0.03,-1.21,-1.06,-1.56,0.27,-0.24,0
2023-03-20,0.4,1.35,0.84,-0.36,0.74,0.52,0.71,1
2023-03-21,2.47,-1.26,1.49,0.47,0.67,-0.26,-1.07,2
2023-03-22,-1.69,0.78,-1.74,-0.81,-0.47,0.79,0.2,0
2023-03-23,-1.53,-0.4,0.21,-0.44,-1.54,0.06,-0.84,0
2023-03-24,0.06,0.33,0.46,0.17,0.72,0.36,0.38,2
2023-03-27,1.78,0.83,0.27,0.51,1.01,-0.27,0.36,2
2023-03-28,0.22,0.73,-0.17,-0.02,0.75,0.09,0.54,1
2023-03-29,0.52,-1.09,1.39,-0.35,-0.53,-0.89,-0.52,0
2023-03-30,-0.94,-0.39,0.5,-0.62,-0.58,0.21,-0.11,0
2023-03-31,0.17,-1.01,1.53,0.51,-0.77,-0.45,-0.77,1
2023-04-03,0.15,1.05,0.28,-0.19,0.78,0.51,0.71,1
2023-04-04,-1.44,-1.24,-0.72,-1.13,-0.73,0.0,0.0,0
2023-04-05,-0.5,0.82,-0.4,-1.01,1.4,0.79,1.17,1
2023-04-06,0.03,-0.96,0.34,-0.03,-0.53,-0.41,-0.14,1
2023-04-10,0.94,0.46,0.2,0.86,0.28,-0.06,-0.11,2
2023-04-11,0.57,-0.01,0.06,0.71,0.58,0.06,0.12,2
2023-04-12,-0.06,1.31,-0.51,-0.43,0.37,0.49,0.4,1
2023-04-13,-0.1,-1.14,1.39,0.16,-1.17,-0.21,-0.68,0
2023-04-14,-0.33,0.49,-0.23,-0.76,0.2,0.61,0.11,0
2023-04-17,1.43,-0.33,0.33,0.7,-0.2,-1.3,-0.26,2
2023-04-18,-0.24,1.05,0.04,-0.4,-0.29,-0.02,0.18,0
2023-04-19,0.14,-0.18,-0.04,0.26,0.39,-0.02,0.12,2
2023-04-20,-0.58,1.67,-0.61,0.12,-0.26,0.72,0.48,1
2023-04-21,-0.53,-0.51,0.08,0.09,-0.91,-0.61,-0.1,0
2023-04-24,-0.13,0.47,0.0,-0.27,0.48,0.65,0.29,1
2023-04-25,-0.53,1.08,-1.76,-0.83,0.11,0.44,0.88,0
2023-04-26,0.02,-0.5,-0.41,-0.05,-0.76,0.04,-0.33,1
2023-04-27,-0.14,-0.63,1.85,-0.6,0.0,0.46,-0.2,1
2023-04-28,0.29,0.05,0.77,0.22,0.18,0.11,0.22,1
2023-05-01,-0.26,1.47,-0.02,0.17,-0.79,-0.51,0.18,1
2023-05-02,-0.71,0.94,-1.28,-0.73,-1.39,0.69,0.04,0
2023-05-03,-0.93,-0.21,-0.56,0.87,-1.02,-0.9,-0.43,1
2023-05-04,-0.55,0.36,-0.78,-0.47,-1.0,-0.55,-0.27,0
2023-05-05,1.38,-1.22,1.9,0.5,0.61,0.24,-0.64,2
2023-05-08,-0.14,0.3,0.08,-0.38,-0.27,-0.54,-0.39,0
2023-05-09,-0.17,0.64,-0.43,0.11,-0.05,-0.37,-0.39,1
2023-05-10,-0.52,0.16,0.43,0.2,-1.31,-0.07,-0.78,0
2023-05-11,-0.59,0.16,-0.21,-0.51,-0.07,0.86,0.11,1
2023-05-12,0.2,0.5,-0.22,-0.11,0.35,0.4,0.47,1
2023-05-15,0.58,-0.97,0.47,0.78,0.01,-0.74,-0.46,2
2023-05-16,-0.99,0.7,-0.72,-0.45,-0.47,0.75,-0.1,0
2023-05-17,1.43,-1.55,1.32,0.85,1.18,-0.39,-0.28,2
2023-05-18,-0.64,-0.3,0.99,-0.23,-0.38,0.15,-0.7,1
2023-05-19,0.01,0.53,-0.26,-0.39,-0.31,-0.02,0.18,0
2023-05-22,0.29,-1.99,0.17,1.11,-0.22,-1.24,-0.91,2
2023-05-23,0.92,-0.99,-1.09,0.61,1.05,0.21,0.18,2
2023-05-24,-0.17,0.93,-0.72,-0.39,-0.19,-0.03,-0.05,0
2023-05-25,-1.83,1.67,0.64,-1.09,-1.09,1.34,-1.23,0
2023-05-26,-1.28,-0.56,1.32,-0.29,-0.87,-0.26,-0.53,0
2023-05-30,-0.91,-0.58,-0.01,-0.25,-0.41,-0.36,-0.97,0
2023-05-31,0.23,0.22,-0.6,-0.25,-1.13,-0.95,0.08,0
2023-06-01,-0.45,0.14,1.02,0.05,-0.07,-0.12,-0.38,1
2023-06-02,1.01,-1.23,1.62,1.74,1.65,0.42,0.75,2
2023-06-05,-0.04,0.5,-0.26,-1.09,-0.74,-0.6,-0.4,0
2023-06-06,-0.27,-1.66,0.47,2.25,1.32,-0.18,-0.41,2
2023-06-07,1.39,-1.46,-0.36,1.89,2.25,0.73,1.28,2
2023-06-08,-0.49,0.42,0.59,-0.77,-1.15,-0.16,-0.49,0
2023-06-09,-0.25,0.11,0.03,-0.79,-0.4,0.06,-0.23,0
2023-06-12,-0.77,0.03,0.94,-0.27,-1.39,-0.22,-0.78,0
2023-06-13,-0.96,-1.04,0.74,0.52,0.07,-0.55,-0.51,2
2023-06-14,0.03,1.11,-0.04,-1.06,-0.92,0.63,-0.24,0
2023-06-15,0.3,-0.52,1.22,-0.36,0.06,0.22,-0.09,1
2023-06-16,0.64,-0.65,-0.45,-0.51,0.22,0.16,0.33,1
2023-06-20,-0.36,0.63,-0.49,0.21,-0.66,-0.11,-0.51,1
2023-06-21,1.37,1.22,-0.56,0.29,0.55,0.59,0.86,1
2023-06-22,0.17,0.49,0.32,-0.96,-1.23,0.25,-0.52,0
2023-06-23,0.12,0.16,-0.84,-0.6,0.07,0.27,0.06,0
2023-06-26,0.85,-0.64,-0.48,-0.01,1.3,0.63,0.67,2
2023-06-27,-1.27,-0.15,1.21,0.32,-0.52,0.25,-0.72,1
2023-06-28,-0.19,0.22,0.04,0.47,-0.42,-0.62,-0.42,1
2023-06-29,-0.17,-0.35,0.44,0.75,0.76,0.57,0.46,2
2023-06-30,0.14,0.81,1.14,-0.73,-0.77,-0.1,-0.29,0
2023-07-03,-0.65,-1.11,0.15,0.27,1.07,0.16,0.12,2
2023-07-05,0.4,-0.07,-0.29,-1.07,-0.26,-0.29,0.0,0
2023-07-06,0.37,0.37,-0.95,-0.59,-0.68,0.58,0.06,0
2023-07-07,-0.29,-0.68,-0.12,1.3,1.22,-0.22,0.19,2
2023-07-10,-0.24,0.53,0.37,1.24,0.0,-1.01,0.54,2
2023-07-11,-0.14,-0.79,0.76,0.18,0.49,-0.22,0.3,1
2023-07-12,-0.25,0.1,0.74,0.37,0.44,-0.31,-0.44,2
2023-07-13,-0.51,0.17,0.9,-0.07,-0.1,-0.17,-0.67,1
2023-07-14,0.8,0.76,-0.25,-0.7,-1.51,0.43,-0.55,0
2023-07-17,-0.72,0.92,0.49,0.64,-0.27,-0.39,-0.06,1
2023-07-18,-0.07,-0.47,0.78,0.44,1.09,0.63,-0.44,2
2023-07-19,0.45,-1.87,0.25,0.26,1.32,0.15,0.19,2
2023-07-20,1.37,-0.1,-0.81,-0.35,0.64,0.44,1.47,1
2023-07-21,0.77,-0.8,-0.05,-0.38,-0.36,-0.15,0.11,0
2023-07-24,-0.57,-0.47,0.31,-0.03,0.77,0.95,-0.22,1
2023-07-25,0.23,0.91,0.25,-0.23,-0.79,0.49,-0.4,0
2023-07-26,-0.26,-1.63,0.02,0.86,1.03,-0.36,0.65,2
2023-07-27,0.5,0.97,-0.75,-0.81,0.29,0.39,0.11,0
2023-07-28,0.05,0.54,1.14,0.43,-0.35,-0.75,-0.4,1
2023-07-31,0.23,-0.03,0.26,0.99,-0.08,-0.96,0.07,2
2023-08-01,0.08,0.59,-0.35,-0.11,0.3,0.19,-0.28,1
2023-08-02,0.63,-0.31,-1.49,-0.05,0.6,0.68,0.69,1
2023-08-03,-0.33,0.17,-0.19,0.02,0.08,0.31,-0.35,1
2023-08-04,0.13,-0.43,-0.49,0.08,0.76,-0.17,-0.66,2
2023-08-07,-1.07,0.37,0.77,-1.09,0.59,0.65,-0.1,0
2023-08-08,0.18,0.35,-0.47,0.1,0.14,0.47,0.03,1
2023-08-09,0.26,-0.32,-0.78,-0.01,-0.06,0.87,0.02,1
2023-08-10,-0.01,-0.29,0.01,-0.46,-0.66,-0.02,-0.05,0
2023-08-11,-0.58,-0.28,-0.11,0.24,0.46,-0.2,0.39,1
2023-08-14,0.89,1.15,0.51,-0.84,-0.8,0.1,-0.65,0
2023-08-15,-0.15,0.99,-1.18,0.0,-1.04,0.2,0.04,0
2023-08-16,-0.29,-0.2,-0.81,-0.48,-0.13,0.38,0.02,1
2023-08-17,-0.54,-1.11,-0.87,-0.17,0.49,0.48,0.16,1
2023-08-18,-0.02,0.48,0.04,0.41,-0.22,0.07,-0.11,1
2023-08-21,0.61,0.47,0.64,-0.87,-0.6,0.19,-0.88,0
2023-08-22,0.09,0.46,-0.32,-0.02,-1.04,-0.33,-0.21,0
2023-08-23,-0.02,0.72,1.08,-0.22,-0.11,-0.38,-0.25,1
2023-08-24,-0.11,-0.31,-1.43,0.01,0.62,0.51,0.4,1
2023-08-25,0.42,-0.46,0.65,-0.23,-0.57,-0.35,-0.17,0
2023-08-28,0.2,0.08,0.63,0.09,0.41,0.26,0.03,1
2023-08-29,1.32,0.08,1.5,-0.08,-0.11,-0.04,-0.44,1
2023-08-30,-0.13,0.35,0.41,0.09,-0.46,-0.42,-0.03,1
2023-08-31,-0.46,0.23,-0.08,-0.19,0.22,0.07,-0.26,1
2023-09-01,0.34,0.32,0.26,0.84,0.58,-0.03,-0.2,2
2023-09-05,-0.27,-0.37,-0.54,-1.58,-0.86,-0.3,-0.47,0
2023-09-06,-0.17,0.73,-0.71,0.01,-0.18,-0.45,0.1,1
2023-09-07,-0.48,0.12,-0.4,-0.69,0.03,-0.2,0.02,0
2023-09-08,-0.16,0.07,0.12,-0.51,0.4,0.28,0.01,1
2023-09-11,-0.19,-0.48,0.66,-0.47,-0.54,-0.49,-0.33,0
2023-09-12,0.96,-0.66,-0.59,0.21,0.99,0.25,0.23,2
2023-09-13,-0.35,0.17,0.03,-0.87,-0.22,0.25,-0.36,0
2023-09-14,0.59,-0.41,0.84,0.49,0.86,0.82,0.02,2
2023-09-15,0.37,-0.62,-1.21,0.21,0.25,-0.33,0.5,1
2023-09-18,0.07,1.23,-0.04,-0.82,-0.19,0.2,-0.05,0
2023-09-19,0.35,-0.06,-0.27,-0.11,0.0,0.32,0.31,1
2023-09-20,-0.3,-0.43,-0.95,-0.05,0.26,0.27,0.49,1
2023-09-21,-0.25,0.04,-1.69,0.34,0.38,0.56,0.13,1
2023-09-22,0.07,0.67,-0.25,-0.09,-0.51,0.18,-0.19,1
2023-09-25,-0.21,0.13,0.39,-0.06,0.33,0.58,-0.46,1
2023-09-26,-0.03,0.39,-1.46,0.36,-0.51,-0.34,-0.07,1
2023-09-27,-0.24,1.16,0.13,0.78,0.1,0.19,-0.28,2
2023-09-28,0.42,0.27,0.65,0.19,0.04,0.43,-0.03,1
2023-09-29,1.25,-0.92,-0.27,-0.02,0.31,-0.19,-0.15,1
2023-10-02,0.3,1.32,-0.14,-1.28,-1.05,0.87,-0.52,0
2023-10-03,-0.46,-0.77,-1.5,-0.26,-0.15,0.3,0.14,0
2023-10-04,0.25,0.93,0.77,-0.53,-0.37,-0.39,-0.33,0
2023-10-05,-0.67,-0.16,-0.15,0.28,0.09,-0.46,-0.12,1
2023-10-06,0.16,0.68,1.21,-0.44,-0.55,-0.31,-0.52,0
2023-10-09,-0.23,0.14,0.59,-0.16,0.26,0.82,-0.37,1
2023-10-10,1.4,-0.59,0.61,0.33,0.62,-0.24,0.19,2
2023-10-11,-0.97,0.57,0.32,-0.65,0.38,0.64,-0.25,1
2023-10-12,-1.58,0.27,-0.81,-1.5,0.11,1.19,-0.22,0
2023-10-13,0.94,-0.78,-0.59,-0.35,0.05,0.08,0.46,1
2023-10-16,0.65,-0.27,1.14,0.58,-0.1,-0.36,-0.02,2
2023-10-17,0.69,-0.58,0.09,1.05,0.68,-0.1,0.32,2
2023-10-18,-0.56,0.22,-1.47,-0.61,-0.17,0.87,0.46,0
2023-10-19,-0.68,-0.08,-0.92,-0.54,-0.22,-0.05,0.01,0
2023-10-20,0.44,0.4,-1.32,0.09,-0.15,0.2,0.36,1
2023-10-23,-0.24,0.86,-0.23,-0.58,-0.77,0.18,-0.43,0
2023-10-24,0.47,0.59,0.71,0.09,-0.58,-0.91,0.15,1
2023-10-25,-0.14,-0.73,-1.58,-0.02,0.85,1.48,0.21,1
2023-10-26,0.86,-1.4,-1.15,1.18,1.68,-0.76,0.47,2
2023-10-27,0.05,1.5,-0.53,-0.58,-0.58,0.43,-0.96,0
2023-10-30,-0.84,0.13,1.15,-0.33,0.28,-0.15,0.17,1
2023-10-31,0.48,-0.59,0.63,0.05,-0.07,-0.85,0.06,1
2023-11-01,-0.69,1.77,0.93,-0.68,-0.02,0.12,-0.71,0
2023-11-02,1.22,-1.23,1.95,0.71,1.64,-0.23,0.53,2
2023-11-03,1.25,-1.02,1.1,1.73,0.6,-1.19,0.18,2
2023-11-06,-0.15,1.05,0.01,-1.22,-0.66,0.87,-0.2,0
2023-11-07,0.12,0.78,0.35,-0.41,-1.2,-1.26,-0.05,0
2023-11-08,-0.23,1.08,-0.04,-1.01,-0.46,0.45,0.04,0
2023-11-09,-0.76,1.01,-0.89,-1.01,0.5,0.53,-0.3,0
2023-11-10,-0.14,1.23,1.49,-0.61,-0.45,0.74,-0.37,0
2023-11-13,0.38,0.22,-0.05,0.06,-0.26,-0.29,-0.17,1
2023-11-14,1.12,-2.03,2.18,3.23,1.19,-0.98,-0.24,2
2023-11-15,0.93,-1.63,0.18,0.13,0.5,-0.13,0.5,1
2023-11-16,-1.03,0.9,-0.11,-1.5,-0.3,-0.45,-0.37,0
2023-11-17,0.32,-0.53,0.25,1.22,0.62,0.03,0.36,2
2023-11-20,-0.38,0.55,0.73,-0.11,-0.28,-0.3,-0.31,1
2023-11-21,0.79,0.76,-0.32,-0.96,-0.62,0.42,-0.03,0
2023-11-22,-0.04,-0.24,0.42,0.19,-0.04,-0.38,0.01,1
2023-11-24,0.23,-0.31,0.11,0.63,0.18,-0.51,0.23,2
2023-11-27,-0.59,0.78,-0.23,-0.14,-0.08,0.13,-0.25,1
2023-11-28,0.22,-0.58,0.06,-0.3,0.05,-0.16,0.03,1
2023-11-29,-0.77,-0.96,0.01,0.58,0.69,-0.76,-0.06,2
2023-11-30,0.8,0.17,0.35,-0.4,0.01,-0.11,0.18,0
2023-12-01,-0.64,-1.6,0.82,2.23,1.07,-0.37,0.57,2
2023-12-04,-0.04,-0.71,-0.44,1.51,0.5,-0.44,0.77,2
2023-12-05,-0.06,1.24,-0.21,-1.05,-0.85,0.18,-0.41,0
2023-12-06,-0.4,-1.38,-0.39,0.36,0.33,-0.22,0.27,2
2023-12-07,0.08,-0.09,0.81,0.09,0.49,0.08,-0.19,2
2023-12-08,-0.01,0.62,0.45,0.16,0.53,-0.13,-0.08,1
2023-12-11,0.23,-0.1,0.35,-0.44,-0.12,0.02,0.64,0
2023-12-12,-0.12,0.59,0.34,-0.64,-0.89,-0.37,-0.22,0
2023-12-13,-1.37,-2.06,1.55,1.92,1.35,-0.99,0.17,2
2023-12-14,-1.93,-1.57,0.51,1.84,2.03,0.03,0.38,2
2023-12-15,0.16,0.92,-0.06,-0.59,-0.57,0.14,-0.35,0
2023-12-18,1.23,1.02,0.42,-0.51,-0.36,0.35,-0.24,0
2023-12-19,-0.32,-0.5,0.72,1.51,0.68,-0.38,0.05,2
2023-12-20,0.71,0.58,-1.56,-0.35,0.15,0.76,0.09,1
2023-12-21,-0.52,-0.22,1.09,0.74,-0.02,-0.57,-0.17,2
2023-12-22,-0.24,-0.48,0.2,0.61,0.1,-0.65,0.2,2
2023-12-26,-0.75,-0.21,0.48,0.83,0.43,-0.33,-0.16,2
2023-12-27,-0.6,0.11,0.16,0.17,0.1,-0.32,-0.14,1
2023-12-28,0.22,-0.48,-0.01,-0.38,0.02,-0.32,0.15,1
2023-12-29,0.76,0.09,-0.43,-1.14,-0.36,0.69,-0.06,0
2024-01-02,0.61,-2.21,-0.7,-0.26,0.79,0.66,0.64,1
2024-01-03,1.47,0.58,-1.01,-1.92,-0.14,0.35,-0.18,0
2024-01-04,-0.51,-0.33,-0.33,0.24,0.09,-0.43,0.24,1
2024-01-05,-0.49,-0.28,0.15,-0.59,0.65,0.11,-0.15,1
2024-01-08,-0.03,0.88,1.49,0.55,-1.31,-0.98,-0.49,1
2024-01-09,0.16,1.0,-0.21,-0.75,-0.9,-0.3,-0.18,0
2024-01-10,0.43,0.96,0.5,-0.29,-0.44,0.24,-0.18,1
2024-01-11,0.19,0.98,-0.14,-0.66,-0.51,0.45,-0.13,0
2024-01-12,-0.02,0.63,-0.01,-0.21,-0.5,0.11,-0.28,1
2024-01-16,-0.38,1.09,-0.47,-0.87,-0.64,0.13,-0.27,0
2024-01-17,-0.39,0.58,-0.59,-0.16,-0.24,0.26,-0.23,1
2024-01-18,0.37,0.91,0.87,-0.27,-0.34,0.71,-0.23,1
2024-01-19,-0.15,0.81,1.19,-0.37,0.65,-0.05,-0.27,1
2024-01-22,0.35,-0.01,0.39,1.83,0.58,-0.43,0.09,2
2024-01-23,0.1,-0.63,0.22,-0.69,-0.58,-0.18,0.21,0
2024-01-24,-0.39,0.6,-0.01,-0.76,0.02,0.25,-0.4,0
2024-01-25,-1.3,-0.27,0.46,0.2,0.56,-0.2,0.52,2
2024-01-26,0.24,-0.12,-0.02,0.32,-0.22,0.25,0.02,1
2024-01-29,0.81,0.34,0.86,0.88,-0.57,-1.11,-0.3,2
2024-01-30,-0.59,0.46,-0.13,-0.96,0.85,0.99,0.13,0
2024-01-31,0.18,-0.38,-1.74,-0.89,-0.31,-0.22,0.35,0
2024-02-01,-0.56,0.33,1.23,0.33,-1.35,-0.05,-0.29,1
2024-02-02,-1.58,1.66,0.99,-1.57,-0.51,-0.16,-1.4,0
2024-02-05,-1.34,1.23,-0.42,-0.94,-0.66,0.1,-0.15,0
2024-02-06,1.0,-1.41,0.27,0.77,-0.49,-0.75,0.59,1
2024-02-07,-0.5,0.93,0.77,-1.02,-0.62,0.62,-0.81,0
2024-02-08,0.01,-0.05,0.21,1.4,0.03,-0.52,-0.2,2
2024-02-09,-0.11,0.88,0.65,0.84,-0.43,-0.34,-0.43,2
2024-02-12,1.07,-1.41,0.05,1.65,1.1,-0.04,0.44,2
2024-02-13,-0.41,1.15,-1.6,-2.52,-0.66,0.78,-0.05,0
2024-02-14,-0.59,0.02,1.14,1.37,-0.2,-1.53,-0.18,2
2024-02-15,0.82,-1.18,0.67,1.23,1.03,-0.21,0.26,2
2024-02-16,-0.71,0.08,-0.53,-0.64,-0.21,0.06,0.17,0
2024-02-20,1.04,-0.44,-0.74,-0.74,0.41,0.43,0.59,0
2024-02-21,0.59,-0.31,-0.03,-0.64,0.12,0.86,0.19,0
2024-02-22,-1.48,2.1,2.02,-1.55,-1.32,0.38,-1.19,0
2024-02-23,-0.14,0.06,0.02,0.33,-0.04,0.08,-0.11,1
2024-02-26,-1.19,1.09,-0.25,0.97,-0.1,-0.72,0.0,2
2024-02-27,-0.8,-0.59,0.27,1.24,-0.44,-1.12,0.68,2
2024-02-28,-0.06,-0.06,-0.26,-0.89,-0.01,-0.06,0.52,0
2024-02-29,0.61,0.38,0.54,-0.16,0.99,0.27,-0.72,1
2024-03-01,-1.57,0.68,0.76,0.01,-0.56,-0.24,-0.16,1
2024-03-04,-0.8,0.08,-0.18,-0.61,0.35,-0.19,0.24,0
2024-03-05,0.33,-0.95,-1.08,0.05,1.13,0.91,0.56,2
2024-03-06,-0.75,-0.08,0.53,-0.27,-0.02,-1.08,-0.03,1
2024-03-07,-0.1,0.07,1.02,-0.48,0.05,0.4,-0.73,1
2024-03-08,1.53,-0.79,-0.66,0.6,0.6,-0.36,0.57,2
2024-03-11,1.45,-1.48,-0.21,-0.63,0.4,0.45,0.64,1
2024-03-12,-0.51,1.87,1.04,-1.16,-0.68,0.53,-0.77,0
2024-03-13,-0.54,-0.03,-0.14,0.35,-0.04,-0.04,0.17,1
2024-03-14,0.79,0.69,-0.43,-1.46,-1.07,1.03,-0.1,0
2024-03-15,-0.7,-0.56,-0.59,0.95,0.8,-0.09,0.42,2
2024-03-18,0.25,0.33,0.53,-1.04,-0.22,0.24,-0.11,0
2024-03-19,0.35,0.5,0.54,0.45,-0.24,0.49,0.08,1
2024-03-20,0.36,0.32,1.03,1.04,1.01,-0.24,-0.06,2
2024-03-21,-1.09,0.57,0.42,0.34,0.97,0.27,0.05,1
2024-03-22,-0.64,0.44,-0.23,-0.99,-0.52,0.29,-0.36,0
2024-03-25,-0.39,-0.34,-0.26,-0.11,0.87,-0.22,-0.17,2
2024-03-26,0.5,0.11,-0.26,0.11,-0.16,-0.52,0.21,1
2024-03-27,1.07,-1.34,0.88,1.29,0.92,-0.15,0.58,2
2024-03-28,0.06,-0.43,0.1,0.47,0.46,-0.06,0.07,2
2024-04-01,-0.69,0.27,-0.27,-0.91,-0.27,0.34,-0.31,0
2024-04-02,-0.62,0.24,-0.85,-1.03,0.04,0.26,0.02,0
2024-04-03,-0.72,0.67,0.16,0.33,-0.04,0.1,-0.19,1
2024-04-04,0.43,-0.99,-1.23,0.2,0.18,0.03,0.1,1
2024-04-05,-0.59,1.44,1.05,-0.5,-0.69,-0.29,-0.59,0
2024-04-08,0.26,-0.62,0.01,0.54,0.14,-0.24,0.1,2
2024-04-09,0.9,-1.39,0.14,0.31,-0.33,-0.17,0.05,1
2024-04-10,-0.91,0.83,-1.01,-1.56,-1.04,0.37,-0.45,0
2024-04-11,0.52,1.27,0.72,0.05,-0.62,0.14,-0.54,1
2024-04-12,0.11,-0.08,-1.53,-0.38,0.13,0.67,-0.22,1
2024-04-15,0.4,-0.27,-1.29,-0.24,0.75,0.84,0.42,1
2024-04-16,-0.09,0.61,-0.23,-0.28,-0.82,0.04,-0.26,0
2024-04-17,0.38,-0.85,-0.64,-0.37,0.55,-0.32,0.54,1
2024-04-18,0.0,-0.5,-0.27,-0.1,0.86,-0.03,0.29,1
2024-04-19,0.01,-1.79,-0.82,1.25,1.9,-0.1,1.3,2
2024-04-22,0.66,0.53,0.87,-0.12,0.55,-0.23,0.0,1
2024-04-23,0.81,1.26,1.27,0.58,-0.01,-0.16,-0.63,2
2024-04-24,-0.49,-0.61,-0.01,-0.3,0.28,0.23,-0.02,1
2024-04-25,0.25,0.01,-0.48,-0.39,-0.2,0.4,-0.09,1
2024-04-26,0.72,1.17,1.04,0.22,-1.09,0.01,-0.45,1
2024-04-29,0.27,-0.96,0.34,0.34,-0.49,0.22,-0.12,1
2024-04-30,0.1,-0.55,-1.67,-0.27,-0.26,-0.61,0.63,1
2024-05-01,0.29,-0.23,-0.27,1.0,-0.03,-1.43,-0.02,2
2024-05-02,0.44,0.44,1.01,0.7,0.02,0.03,-0.77,2
2024-05-03,-0.32,-0.24,1.19,-0.04,-0.22,0.42,-0.55,1
2024-05-06,0.75,1.03,1.09,-0.02,-0.05,-0.23,-0.69,1
2024-05-07,0.04,-0.16,0.05,0.04,-0.65,0.14,0.2,0
2024-05-08,-0.4,-0.06,-0.09,-0.41,0.59,0.72,0.16,1
2024-05-09,0.34,-0.56,0.52,0.51,0.39,0.02,0.08,2
2024-05-10,-0.15,0.3,0.08,-0.91,0.01,0.49,-0.06,0
2024-05-13,0.02,-1.14,-0.04,0.25,-0.26,0.13,0.24,1
2024-05-14,-0.22,-0.27,0.57,0.51,0.04,-0.16,-0.02,1
2024-05-15,0.19,1.13,1.15,-0.47,-0.21,-0.4,-0.38,0
2024-05-16,0.43,-1.02,-0.25,-0.22,-0.01,-0.04,0.39,1
2024-05-17,-0.11,0.32,0.11,-0.23,0.41,-0.19,-0.1,1
2024-05-20,-1.02,0.44,0.14,0.16,-0.88,0.15,-0.66,0
2024-05-21,-0.51,0.13,0.15,-0.43,0.19,0.41,-0.31,1
2024-05-22,0.13,-0.57,-0.35,-0.4,-0.38,-0.44,-0.05,0
2024-05-23,-0.5,1.91,-0.85,-0.67,-0.64,1.3,-0.64,0
2024-05-24,-0.71,0.26,0.72,0.13,0.23,0.34,-0.34,1
2024-05-28,-0.58,0.55,-0.04,0.1,-0.83,0.15,-1.07,1
2024-05-29,-0.2,0.26,-0.77,-0.38,-0.66,0.44,-0.04,0
2024-05-30,1.16,-0.49,-0.52,1.64,0.42,-0.02,0.7,2
2024-05-31,1.23,-0.66,0.68,-0.1,0.95,1.03,0.91,1
2024-06-03,-0.78,-0.17,0.04,-0.32,-0.62,0.35,-0.43,0
2024-06-04,-0.1,-0.2,-0.06,-1.33,-0.68,-0.15,-0.05,0
2024-06-05,-0.57,1.17,1.23,0.35,-0.67,-0.47,-0.72,1
2024-06-06,0.6,-0.55,-0.06,-0.57,-0.08,-0.04,-0.17,1
2024-06-07,0.32,0.11,-0.23,-0.95,0.09,0.37,0.2,0
2024-06-10,0.02,0.9,0.28,-0.13,-0.29,-0.22,-0.47,1
2024-06-11,-0.83,-0.2,0.2,-0.21,-1.04,0.26,-0.19,0
2024-06-12,-0.26,0.66,0.94,0.75,0.05,0.07,-0.38,2
2024-06-13,-0.86,0.66,0.04,-1.02,-0.62,0.97,-0.02,0
2024-06-14,-0.16,0.25,-0.17,-1.46,-0.65,0.12,0.04,0
2024-06-17,-0.14,-0.06,0.78,-0.33,0.58,0.93,0.24,1
2024-06-18,-0.39,1.08,0.2,-0.44,0.36,0.28,-0.11,1
2024-06-20,1.21,-0.86,-0.31,-0.36,0.26,-0.62,0.33,1
2024-06-21,0.55,-1.01,-0.13,0.44,-0.53,-0.81,0.17,1
2024-06-24,0.67,-0.8,-0.25,0.62,1.09,-0.01,0.65,2
2024-06-25,-1.03,1.21,0.31,-0.82,-1.22,0.08,-1.22,0
2024-06-26,-0.07,-0.42,0.16,-0.01,-0.19,0.46,-0.26,1
2024-06-27,0.48,-0.23,0.14,0.53,-0.39,-0.97,-0.12,2
2024-06-28,0.22,0.35,-0.35,1.0,1.28,-0.19,0.72,2
2024-07-01,-0.87,0.9,0.22,-1.06,-0.46,0.49,-0.34,0
2024-07-02,-0.17,-0.51,0.57,-0.47,0.39,0.52,-0.63,1
2024-07-03,0.61,0.24,0.48,-0.29,-0.68,-0.05,0.59,0
2024-07-05,-0.69,-0.28,0.48,-0.8,-1.43,-0.31,-1.04,0
2024-07-08,0.22,0.33,0.1,0.55,-0.22,-0.35,0.47,1
2024-07-09,-0.69,0.4,0.0,-0.59,0.48,-0.44,0.66,1
2024-07-10,-0.43,0.39,0.97,-0.14,0.43,0.17,0.2,1
2024-07-11,2.3,-1.32,-0.59,4.21,1.75,-1.09,-0.09,2
2024-07-12,-0.14,-0.72,0.58,0.62,-0.44,-0.5,0.15,1
2024-07-15,-0.88,0.66,0.38,1.16,0.59,-0.22,-0.35,2
2024-07-16,-0.01,-1.29,0.83,2.76,1.37,-0.64,0.07,2
2024-07-17,-0.49,-1.89,-1.5,0.49,2.46,0.83,-0.13,2
2024-07-18,0.56,0.87,-0.95,-1.15,0.03,1.01,0.4,0
2024-07-19,0.11,0.44,-0.68,0.07,-0.14,-0.09,-0.47,1
2024-07-22,0.29,0.58,1.08,0.53,-0.53,-0.38,0.72,1
2024-07-23,-0.02,0.77,-0.05,1.15,-0.03,-0.43,-0.18,2
2024-07-24,1.22,-0.52,-2.37,0.02,1.71,0.1,0.08,2
2024-07-25,-1.31,-1.71,-0.33,1.67,0.68,-0.11,0.15,2
2024-07-26,0.13,0.13,1.1,0.57,-0.2,0.02,0.08,1
2024-07-29,0.75,-0.49,-0.04,-1.05,-0.43,0.61,-0.24,0
2024-07-30,-1.08,-1.09,-0.53,0.68,1.38,0.47,-1.03,2
2024-07-31,1.82,1.02,1.53,-0.97,-1.32,0.44,1.43,0
2024-08-01,-0.43,0.06,-1.61,-1.24,-0.67,0.91,-0.89,0
2024-08-02,-1.25,-1.43,-2.12,-1.18,-0.78,0.96,0.79,0
2024-08-05,-0.53,-0.17,-3.02,-0.34,-0.01,-0.13,-0.17,1
2024-08-06,0.54,1.25,1.0,-0.03,-0.58,-0.12,0.29,0
2024-08-07,-0.16,-0.18,-0.83,-0.55,0.84,0.74,-0.79,1
2024-08-08,1.83,0.83,2.39,0.1,-0.85,-0.63,0.05,1
2024-08-09,0.38,1.48,0.43,-0.8,-0.31,0.3,-0.21,0
2024-08-12,0.52,1.24,-0.08,-0.87,-0.59,0.12,0.39,0
2024-08-13,1.05,-0.32,1.7,0.18,-0.77,-0.51,1.08,1
2024-08-14,-0.89,0.72,0.3,-1.1,0.27,0.14,0.4,0
2024-08-15,1.35,0.05,1.78,0.95,-0.74,-0.48,0.4,2
2024-08-16,0.38,0.1,0.21,0.05,0.78,-0.21,0.51,2
2024-08-19,0.36,0.19,0.98,0.25,-0.29,-1.03,0.49,1
2024-08-20,-0.26,0.07,-0.32,-0.72,-0.68,0.36,-0.65,0
2024-08-21,0.32,0.12,0.52,0.84,-0.63,-0.43,0.19,1
2024-08-22,-0.08,0.4,-0.96,-0.25,1.39,0.56,-0.25,1
2024-08-23,0.78,0.14,1.29,1.9,0.85,-0.48,0.68,2
2024-08-26,0.2,-0.45,-0.34,0.33,0.17,0.13,-0.06,1
2024-08-27,-0.8,0.53,0.05,-0.9,0.02,0.27,0.23,0
2024-08-28,0.29,0.3,-0.67,-0.22,1.14,0.55,-0.16,1
2024-08-29,0.67,-0.78,0.08,0.67,0.28,-0.15,-1.22,1
2024-08-30,0.31,0.67,0.98,-0.56,0.04,-0.2,-0.14,0
2024-09-03,1.55,-0.74,-2.26,-0.74,1.36,0.68,-0.82,1
2024-09-04,-0.13,-0.22,-0.22,0.08,-0.53,-0.27,-0.02,1
2024-09-05,-0.03,-0.36,-0.31,-0.06,-0.68,-0.26,0.04,1
2024-09-06,0.34,-0.15,-1.82,-0.09,0.17,0.35,-0.03,1
2024-09-09,-0.29,0.91,1.09,-1.09,-0.69,-1.04,0.4,0
2024-09-10,-0.34,0.01,0.4,-0.27,-0.83,-0.08,-0.17,1
2024-09-11,0.89,0.82,1.05,-0.63,-1.66,-0.21,0.58,0
2024-09-12,0.15,0.56,0.8,0.45,-0.5,0.37,-0.08,1
2024-09-13,0.32,-0.18,0.71,1.88,0.04,-0.34,0.29,2
2024-09-16,-0.3,-0.18,0.16,-0.01,0.92,0.39,-0.44,1
2024-09-17,0.52,-0.46,0.09,0.77,0.54,0.34,-0.3,2
2024-09-18,0.02,0.01,-0.25,0.24,0.28,0.05,-0.37,1
2024-09-19,1.22,0.59,1.77,0.32,-0.19,-0.22,-0.04,1
2024-09-20,-0.12,0.7,-0.27,-0.77,-0.64,0.22,-0.35,0
2024-09-23,-0.14,-0.61,0.21,-0.83,-0.08,0.45,-0.23,0
2024-09-24,0.31,0.03,0.24,-0.1,-0.58,-0.3,0.78,0
2024-09-25,-0.03,1.0,-0.29,-0.93,-0.7,-0.04,0.15,0
2024-09-26,0.41,-0.65,0.42,0.23,0.43,-0.53,0.53,1
2024-09-27,0.55,-1.66,-0.08,0.71,0.55,0.09,-0.07,2
2024-09-30,0.36,0.6,0.36,-0.11,0.15,0.43,0.0,1
2024-10-01,-0.3,-0.46,-0.97,-0.66,-0.02,0.78,-0.57,0
2024-10-02,-0.2,0.46,0.0,-0.24,-0.18,-0.53,0.4,1
2024-10-03,-0.41,0.73,-0.22,-0.67,0.2,0.49,0.3,1
2024-10-04,-0.58,0.02,1.04,0.47,0.31,-0.54,-0.17,1
2024-10-07,-0.24,0.0,-0.97,-0.18,0.29,0.06,0.77,1
2024-10-08,-0.03,1.46,0.87,-0.74,-1.14,-0.31,0.22,0
2024-10-09,0.03,0.09,0.69,-0.46,0.2,0.2,-0.24,1
2024-10-10,-0.14,-0.13,-0.2,-0.37,0.08,0.14,0.15,1
2024-10-11,0.05,1.12,0.76,1.29,0.76,-0.98,0.01,2
2024-10-14,-0.13,0.5,0.71,-0.12,-0.32,-0.08,0.42,1
2024-10-15,1.34,0.21,-0.72,1.0,0.46,-0.24,-0.48,2
2024-10-16,-0.48,0.24,0.53,1.05,0.52,-0.38,0.66,2
2024-10-17,-0.47,-0.2,-0.05,-0.11,0.19,0.35,0.08,1
2024-10-18,0.01,0.04,0.36,-0.41,-0.74,-0.56,0.19,0
2024-10-21,-0.88,0.49,-0.28,-1.37,-1.18,-0.17,0.46,0
2024-10-22,0.52,0.06,-0.11,-0.25,0.58,0.1,-0.32,1
2024-10-23,0.62,-0.33,-0.97,-0.02,1.07,0.23,-0.09,2
2024-10-24,0.63,0.01,0.3,0.05,-0.27,-0.04,-0.32,1
2024-10-25,0.57,-0.09,-0.08,-0.27,-0.83,0.1,-0.34,0
2024-10-28,0.04,0.33,0.38,1.35,0.61,-0.6,-0.1,2
2024-10-29,-0.39,0.56,0.15,-0.25,-1.05,-0.31,-0.12,0
2024-10-30,0.5,-0.35,-0.33,0.17,0.76,0.37,-0.08,1
2024-10-31,0.88,-1.11,-1.79,-0.02,0.59,0.41,0.17,1
2024-11-01,-0.29,-0.27,0.46,0.37,-1.09,-0.42,0.16,1
2024-11-04,0.53,-0.46,-0.27,0.71,-0.59,0.14,0.38,2
2024-11-05,-0.51,0.85,1.31,0.65,-0.15,-0.44,-0.22,2
2024-11-06,-2.55,1.12,2.92,2.59,3.6,-0.14,-1.1,2
2024-11-07,1.14,0.3,0.66,-0.88,-2.79,-0.02,0.17,0
2024-11-08,-0.85,1.04,0.44,0.41,-0.54,-0.34,-0.81,1
2024-11-11,-1.38,-0.99,0.33,1.14,0.85,-0.93,-0.69,2
2024-11-12,-0.09,0.41,-0.39,-1.35,0.09,0.67,0.44,0
2024-11-13,0.07,-0.71,-0.12,-0.98,0.13,0.34,0.12,0
2024-11-14,0.59,0.18,-0.72,-0.68,0.74,0.71,0.18,1
2024-11-15,-1.04,-0.21,-1.38,-0.4,1.67,0.2,-0.3,1
2024-11-18,-0.34,-0.25,0.41,-0.35,0.0,-0.06,-0.54,1
2024-11-19,-0.24,1.27,0.5,0.27,-1.66,-1.01,0.6,0
2024-11-20,0.32,-0.26,0.05,0.05,-0.1,0.05,-0.02,1
2024-11-21,-0.47,-0.23,0.65,0.92,0.29,-0.4,0.61,2
2024-11-22,-0.31,-0.39,0.54,1.39,0.41,-0.71,-0.67,2
2024-11-25,1.08,-1.31,0.4,1.29,0.27,0.11,-0.42,2
2024-11-26,0.27,1.24,0.42,-1.06,-0.71,0.5,-0.32,0
2024-11-27,0.56,-0.81,-0.39,0.46,0.47,-0.63,0.13,2
2024-11-29,-0.02,0.07,0.54,-0.04,-0.64,-0.1,0.3,1
2024-12-02,0.61,-0.65,0.22,0.18,-0.67,0.49,-0.39,1
2024-12-03,-0.31,0.92,0.03,-0.79,-0.52,0.38,-0.09,0
2024-12-04,-0.52,0.59,0.7,-0.18,-1.24,-1.11,0.0,0
2024-12-05,-0.55,0.69,-0.28,-0.96,0.46,0.53,-0.11,0
2024-12-06,-0.53,0.19,0.35,0.41,-1.07,-1.11,-0.72,1
2024-12-09,0.86,-2.8,-0.74,0.41,0.15,0.74,-0.06,2
2024-12-10,-0.66,-0.04,-0.37,0.12,0.12,1.13,-0.68,1
2024-12-11,-0.62,1.39,0.87,-0.22,-0.55,-0.07,-0.37,1
2024-12-12,-0.18,-0.22,-0.63,-0.78,0.43,0.4,0.14,0
2024-12-13,-0.94,0.67,-0.05,-0.49,-0.31,0.26,-0.28,0
2024-12-16,-1.91,1.12,0.47,0.41,-1.03,-1.14,-0.91,1
2024-12-17,-0.36,-0.65,-0.49,-0.54,-0.57,0.1,-0.05,0
2024-12-18,0.94,-0.9,-3.18,-1.29,0.07,1.04,0.78,0
2024-12-19,-0.03,0.93,-0.12,-0.27,-0.01,0.26,0.19,1
2024-12-20,0.54,0.2,1.08,-0.25,0.08,-1.21,0.64,1
2024-12-23,-0.22,-0.08,0.61,-0.85,-0.19,0.28,0.66,0
2024-12-24,-0.32,0.67,1.11,-0.12,-0.05,-0.13,-0.37,1
2024-12-26,-0.32,0.01,0.02,1.09,-0.19,-0.44,0.35,2
2024-12-27,0.3,-0.88,-1.17,-0.44,0.56,0.41,0.03,1
2024-12-30,0.21,0.06,-1.09,0.24,0.74,0.55,0.14,2
2024-12-31,0.87,-1.07,-0.46,0.31,0.71,0.33,0.0,2
